[
  {
    "pk": 1,
    "model": "auth.user",
    "fields": {
      "username": "admin",
      "first_name": "",
      "last_name": "",
      "is_active": true,
      "is_superuser": true,
      "is_staff": true,
      "last_login": "2018-04-17T06:00:43.171Z",
      "groups": [],
      "user_permissions": [],
      "password": "pbkdf2_sha256$36000$sT96yObJtsFk$F9YAJimsQqBXnff/QGLNTv100qhCNl/23hoBuNtSNZU=",
      "email": "",
      "date_joined": "2018-04-13T07:58:59.861Z"
    }
  },
  {
    "pk": 2,
    "model": "auth.user",
    "fields": {
      "username": "user1",
      "first_name": "",
      "last_name": "",
      "is_active": true,
      "is_superuser": false,
      "is_staff": false,
      "last_login": null,
      "groups": [],
      "user_permissions": [],
      "password": "pbkdf2_sha256$36000$pe8Ff8HrBPac$Lb3ee6/R9z/aL9nM+D2AXWTpIt9Pa9kcLueXxYNy1ZY=",
      "email": "",
      "date_joined": "2018-04-13T07:59:51.527Z"
    }
  },
  {
    "pk": 3,
    "model": "auth.user",
    "fields": {
      "username": "user2",
      "first_name": "",
      "last_name": "",
      "is_active": true,
      "is_superuser": false,
      "is_staff": false,
      "last_login": "2018-04-16T06:50:51.300Z",
      "groups": [],
      "user_permissions": [],
      "password": "pbkdf2_sha256$36000$1qzIv2IwPiUw$//wV1kpCO8jj+Vp46gOf4TDo2ITxex5/FdNPOldHlsQ=",
      "email": "",
      "date_joined": "2018-04-13T07:59:59.989Z"
    }
  },
  {
    "pk": 4,
    "model": "auth.user",
    "fields": {
      "username": "user3",
      "first_name": "",
      "last_name": "",
      "is_active": true,
      "is_superuser": false,
      "is_staff": false,
      "last_login": null,
      "groups": [],
      "user_permissions": [],
      "password": "pbkdf2_sha256$36000$pe8Ff8HrBPac$Lb3ee6/R9z/aL9nM+D2AXWTpIt9Pa9kcLueXxYNy1ZY=",
      "email": "",
      "date_joined": "2018-04-13T07:59:51.527Z"
    }
  },
  {
    "pk": 5,
    "model": "auth.user",
    "fields": {
      "username": "user4",
      "first_name": "",
      "last_name": "",
      "is_active": true,
      "is_superuser": false,
      "is_staff": false,
      "last_login": null,
      "groups": [],
      "user_permissions": [],
      "password": "pbkdf2_sha256$36000$pe8Ff8HrBPac$Lb3ee6/R9z/aL9nM+D2AXWTpIt9Pa9kcLueXxYNy1ZY=",
      "email": "",
      "date_joined": "2018-04-13T07:59:51.527Z"
    }
  },
  {
    "pk": 6,
    "model": "auth.user",
    "fields": {
      "username": "user5",
      "first_name": "User",
      "last_name": "Five",
      "is_active": true,
      "is_superuser": false,
      "is_staff": false,
      "last_login": null,
      "groups": [],
      "user_permissions": [
        218,
        220,
        26,
        28
      ],
      "password": "pbkdf2_sha256$36000$pe8Ff8HrBPac$Lb3ee6/R9z/aL9nM+D2AXWTpIt9Pa9kcLueXxYNy1ZY=",
      "email": "user5@email.com",
      "date_joined": "2018-04-13T07:59:51.527Z"
    }
  },
  {
    "pk": 7,
    "model": "auth.user",
    "fields": {
      "username": "globalWriter",
      "first_name": "Global",
      "last_name": "Writer",
      "is_active": true,
      "is_superuser": false,
      "is_staff": false,
      "last_login": null,
      "groups": [],
      "user_permissions": [],
      "password": "pbkdf2_sha256$36000$pe8Ff8HrBPac$Lb3ee6/R9z/aL9nM+D2AXWTpIt9Pa9kcLueXxYNy1ZY=",
      "email": "global_writer@email.com",
      "date_joined": "2018-04-13T07:59:51.527Z"
    }
  },
  {
    "pk": "2dqr18yqu9mzb87abk0okid75w2clakl",
    "model": "sessions.session",
    "fields": {
      "expire_date": "2018-04-30T06:50:51.569Z",
      "session_data": "ZmY5ZWRlNzI5OTdlMmMxNjBmNjQwODU2YWQ4ODlmNGUzNDUyOTljOTp7ImRvam9fYnJlYWRjcnVtYnMiOlt7InVybCI6Ii8iLCJ0aXRsZSI6IkhvbWUifSx7InVybCI6Ii9tZXRyaWNzIiwidGl0bGUiOiJQcm9kdWN0IFR5cGUgTWV0cmljcyJ9XSwiX2F1dGhfdXNlcl9oYXNoIjoiODE0OTY0ZTdhNzUyNDQyZjM1MjczNTExMGVkZGZjNzc4YjE0MTU3MiIsIl9hdXRoX3VzZXJfaWQiOiIzIiwiX2F1dGhfdXNlcl9iYWNrZW5kIjoiZGphbmdvLmNvbnRyaWIuYXV0aC5iYWNrZW5kcy5Nb2RlbEJhY2tlbmQifQ=="
    }
  },
  {
    "pk": "imsqmmk97qms70tz0e55yumkf5ehcfjw",
    "model": "sessions.session",
    "fields": {
      "expire_date": "2018-05-01T06:00:43.175Z",
      "session_data": "YjUxNTgzNmRiYzZiOWEwYzZlZDIyZDE4YTcxNmJkYTBmNWZiYWJiMDp7Il9hdXRoX3VzZXJfaGFzaCI6ImNhYmY1YzMzZTJlNTFkODUyNzQ0OWZjODE4YjJiNTVjMDlmNzU4NDAiLCJfYXV0aF91c2VyX2JhY2tlbmQiOiJkamFuZ28uY29udHJpYi5hdXRoLmJhY2tlbmRzLk1vZGVsQmFja2VuZCIsIl9hdXRoX3VzZXJfaWQiOiIxIn0="
    }
  },
  {
    "pk": "ocg999bmxmjn5q2ebcddpzbr1a3ewpvt",
    "model": "sessions.session",
    "fields": {
      "expire_date": "2018-04-27T07:59:39.760Z",
      "session_data": "YjUxNTgzNmRiYzZiOWEwYzZlZDIyZDE4YTcxNmJkYTBmNWZiYWJiMDp7Il9hdXRoX3VzZXJfaGFzaCI6ImNhYmY1YzMzZTJlNTFkODUyNzQ0OWZjODE4YjJiNTVjMDlmNzU4NDAiLCJfYXV0aF91c2VyX2JhY2tlbmQiOiJkamFuZ28uY29udHJpYi5hdXRoLmJhY2tlbmRzLk1vZGVsQmFja2VuZCIsIl9hdXRoX3VzZXJfaWQiOiIxIn0="
    }
  },
  {
    "pk": 1,
    "model": "sites.site",
    "fields": {
      "domain": "example.com",
      "name": "example.com"
    }
  },
  {
    "pk": 1,
    "model": "admin.logentry",
    "fields": {
      "action_flag": 1,
      "action_time": "2018-04-13T07:59:51.689Z",
      "object_repr": "user1",
      "object_id": "2",
      "change_message": "[{\"added\": {}}]",
      "user": 1,
      "content_type": 3
    }
  },
  {
    "pk": 2,
    "model": "admin.logentry",
    "fields": {
      "action_flag": 1,
      "action_time": "2018-04-13T08:00:00.153Z",
      "object_repr": "user2",
      "object_id": "3",
      "change_message": "[{\"added\": {}}]",
      "user": 1,
      "content_type": 3
    }
  },
  {
    "model": "auditlog.logentry",
    "pk": 803,
    "fields": {
      "content_type": 28,
      "object_pk": "1",
      "object_id": 1,
      "object_repr": "BodgeIt",
      "action": 0,
      "changes": "{\"product\": [\"None\", \"dojo.Cred_Mapping.None\"], \"product_meta\": [\"None\", \"dojo.DojoMeta.None\"], \"name\": [\"None\", \"BodgeIt\"], \"description\": [\"None\", \"[Features](https://github.com/psiinon/bodgeit) and characteristics:\\r\\n\\r\\n* Easy to install - just requires java and a servlet engine, e.g. Tomcat\\r\\n* Self contained (no additional dependencies other than to 2 in the above line)\\r\\n* Easy to change on the fly - all the functionality is implemented in JSPs, so no IDE required\\r\\n* Cross platform\\r\\n* Open source\\r\\n* No separate db to install and configure - it uses an 'in memory' db that is automatically (re)initialized on start up\"], \"product_manager\": [\"None\", \"(admin)\"], \"technical_contact\": [\"None\", \"(user2)\"], \"team_manager\": [\"None\", \"(product_manager)\"], \"prod_type\": [\"None\", \"Commerce\"], \"id\": [\"None\", \"1\"], \"tid\": [\"None\", \"0\"], \"prod_numeric_grade\": [\"None\", \"5\"], \"business_criticality\": [\"None\", \"high\"], \"platform\": [\"None\", \"web\"], \"lifecycle\": [\"None\", \"production\"], \"origin\": [\"None\", \"internal\"], \"user_records\": [\"None\", \"1000000000\"], \"revenue\": [\"None\", \"1000.00\"], \"external_audience\": [\"None\", \"True\"], \"internet_accessible\": [\"None\", \"True\"], \"enable_simple_risk_acceptance\": [\"None\", \"False\"], \"enable_full_risk_acceptance\": [\"None\", \"True\"]}",
      "actor": null,
      "remote_addr": null,
      "timestamp": "2021-10-22T01:24:54.921Z",
      "additional_data": null
      }
    },
    {
      "model": "auditlog.logentry",
      "pk": 804,
      "fields": {
        "content_type": 28,
        "object_pk": "2",
        "object_id": 2,
        "object_repr": "Internal CRM App",
        "action": 0,
        "changes": "{\"product\": [\"None\", \"dojo.Cred_Mapping.None\"], \"product_meta\": [\"None\", \"dojo.DojoMeta.None\"], \"name\": [\"None\", \"Internal CRM App\"], \"description\": [\"None\", \"* New product in development that attempts to follow all best practices\"], \"product_manager\": [\"None\", \"(product_manager)\"], \"technical_contact\": [\"None\", \"(product_manager)\"], \"team_manager\": [\"None\", \"(user2)\"], \"prod_type\": [\"None\", \"Commerce\"], \"id\": [\"None\", \"2\"], \"tid\": [\"None\", \"0\"], \"business_criticality\": [\"None\", \"medium\"], \"platform\": [\"None\", \"web\"], \"lifecycle\": [\"None\", \"construction\"], \"origin\": [\"None\", \"internal\"], \"external_audience\": [\"None\", \"False\"], \"internet_accessible\": [\"None\", \"False\"], \"enable_simple_risk_acceptance\": [\"None\", \"False\"], \"enable_full_risk_acceptance\": [\"None\", \"True\"]}",
        "actor": null,
        "remote_addr": null,
        "timestamp": "2021-10-22T01:24:55.044Z",
        "additional_data": null
      }
    },
    {
      "model": "auditlog.logentry",
      "pk": 805,
      "fields": {
        "content_type": 28,
        "object_pk": "3",
        "object_id": 3,
        "object_repr": "Apple Accounting Software",
        "action": 0,
        "changes": "{\"product\": [\"None\", \"dojo.Cred_Mapping.None\"], \"product_meta\": [\"None\", \"dojo.DojoMeta.None\"], \"name\": [\"None\", \"Apple Accounting Software\"], \"description\": [\"None\", \"Accounting software is typically composed of various modules, different sections dealing with particular areas of accounting. Among the most common are:\\r\\n\\r\\n**Core modules**\\r\\n\\r\\n* Accounts receivable\\u2014where the company enters money received\\r\\n* Accounts payable\\u2014where the company enters its bills and pays money it owes\\r\\n* General ledger\\u2014the company's \\\"books\\\"\\r\\n* Billing\\u2014where the company produces invoices to clients/customers\"], \"product_manager\": [\"None\", \"(admin)\"], \"technical_contact\": [\"None\", \"(user2)\"], \"team_manager\": [\"None\", \"(user2)\"], \"prod_type\": [\"None\", \"Billing\"], \"id\": [\"None\", \"3\"], \"tid\": [\"None\", \"0\"], \"business_criticality\": [\"None\", \"high\"], \"platform\": [\"None\", \"web\"], \"lifecycle\": [\"None\", \"production\"], \"origin\": [\"None\", \"purchased\"], \"user_records\": [\"None\", \"5000\"], \"external_audience\": [\"None\", \"True\"], \"internet_accessible\": [\"None\", \"False\"], \"enable_simple_risk_acceptance\": [\"None\", \"False\"], \"enable_full_risk_acceptance\": [\"None\", \"True\"]}",
        "actor": null,
        "remote_addr": null,
        "timestamp": "2021-10-22T01:24:55.071Z",
        "additional_data": null
      }
    },
  {
    "pk": 1,
    "model": "dojo.system_settings",
    "fields": {
      "jira_labels": null,
      "team_name": "",
      "url_prefix": "",
      "enable_slack_notifications": false,
      "enable_mail_notifications": false,
      "enable_webhooks_notifications": false,
      "email_from": "no-reply@example.com",
      "false_positive_history": false,
      "msteams_url": "",
      "slack_token": "",
      "jira_minimum_severity": "Low",
      "max_dupes": 1,
      "slack_username": "",
      "enable_msteams_notifications": false,
      "enable_deduplication": true,
      "delete_duplicates": false,
      "slack_channel": "",
      "mail_notifications_to": "",
      "enable_jira": false,
      "enable_product_grade": true,
      "product_grade_a": 90,
      "product_grade_b": 80,
      "product_grade_c": 70,
      "product_grade_d": 60,
      "product_grade_f": 59
    }
  },
  {
    "pk": 1,
    "model": "dojo.usercontactInfo",
    "fields": {
      "phone_number": "",
      "slack_username": null,
      "cell_number": "",
      "title": null,
      "twitter_username": "#admin",
      "user": 1,
      "block_execution": false,
      "github_username": null
    }
  },
  {
    "pk": 2,
    "model": "dojo.usercontactInfo",
    "fields": {
      "phone_number": "",
      "slack_username": null,
      "cell_number": "",
      "title": null,
      "twitter_username": null,
      "user": 2,
      "block_execution": false,
      "github_username": null
    }
  },
  {
    "pk": 3,
    "model": "dojo.usercontactInfo",
    "fields": {
      "phone_number": "",
      "slack_username": null,
      "cell_number": "",
      "title": null,
      "twitter_username": null,
      "user": 3,
      "block_execution": false,
      "github_username": null
    }
  },
  {
    "pk": 1,
    "model": "dojo.product_type",
    "fields": {
      "critical_product": true,
      "name": "books",
      "key_product": true
    }
  },
  {
    "pk": 2,
    "model": "dojo.product_type",
    "fields": {
      "critical_product": true,
      "name": "ebooks",
      "key_product": false
    }
  },
  {
    "pk": 3,
    "model": "dojo.product_type",
    "fields": {
      "critical_product": false,
      "name": "podcast",
      "key_product": true
    }
  },
  {
    "pk": 1,
    "model": "dojo.product_type_member",
    "fields": {
      "product_type": 1,
      "user": 1,
      "role": 4
    }
  },
  {
    "pk": 2,
    "model": "dojo.product_type_member",
    "fields": {
      "product_type": 1,
      "user": 2,
      "role": 4
    }
  },
  {
    "pk": 1,
    "model": "dojo.report_type",
    "fields": {
      "name": "Type 1",
      "id": 1
    }
  },
  {
    "pk": 2,
    "model": "dojo.report_type",
    "fields": {
      "name": "Type 2",
      "id": 2
    }
  },
  {
    "pk": 3,
    "model": "dojo.report_type",
    "fields": {
      "name": "Type 3",
      "id": 3
    }
  },
  {
    "pk": 1,
    "model": "dojo.test_type",
    "fields": {
      "dynamic_tool": true,
      "static_tool": false,
      "name": "ZAP Scan"
    }
  },
  {
    "pk": 2,
    "model": "dojo.test_type",
    "fields": {
      "dynamic_tool": false,
      "static_tool": true,
      "name": "BURP Scan"
    }
  },
  {
    "pk": 3,
    "model": "dojo.test_type",
    "fields": {
      "dynamic_tool": true,
      "static_tool": true,
      "name": "NESSUS Scan"
    }
  },
  {
    "pk": 120,
    "model": "dojo.test_type",
    "fields": {
      "name": "Xanitizer Scan"
    }
  },
  {
    "pk": 555,
    "model": "dojo.test_type",
    "fields": {
      "name": "Veracode Scan"
    }
  },
  {
    "pk": 999,
    "model": "dojo.test_type",
    "fields": {
      "name": "Checkmarx Scan detailed"
    }
  },
  {
    "pk": 1,
    "model": "dojo.product",
    "fields": {
      "updated": null,
      "prod_type": 1,
      "name": "Python How-to",
      "created": null,
      "technical_contact": 3,
      "product_manager": 1,
      "team_manager": 2,
      "tid": 0,
      "description": "test product"
    }
  },
  {
    "pk": 2,
    "model": "dojo.product",
    "fields": {
      "updated": null,
      "prod_type": 2,
      "name": "Security How-to",
      "created": null,
      "technical_contact": 2,
      "product_manager": 2,
      "team_manager": 3,
      "tid": 0,
      "description": "test product"
    }
  },
  {
    "pk": 3,
    "model": "dojo.product",
    "fields": {
      "updated": null,
      "prod_type": 3,
      "name": "Security Podcast",
      "created": null,
      "technical_contact": 3,
      "product_manager": 1,
      "team_manager": 3,
      "tid": 0,
      "description": "test product"
    }
  },
  {
    "pk": 1,
    "model": "dojo.product_member",
    "fields": {
      "product": 1,
      "user": 1,
      "role": 4
    }
  },
  {
    "pk": 2,
    "model": "dojo.product_member",
    "fields": {
      "product": 1,
      "user": 2,
      "role": 4
    }
  },
  {
    "pk": 4,
    "model": "dojo.product_member",
    "fields": {
      "product": 2,
      "user": 2,
      "role": 4
    }
  },
  {
    "pk": 6,
    "model": "dojo.product_member",
    "fields": {
      "product": 3,
      "user": 1,
      "role": 4
    }
  },
  {
    "pk": 1,
    "model": "dojo.app_analysis",
    "fields": {
      "product": 1,
      "name": "Tomcat",
      "user": [
        "admin"
      ],
      "confidence": 100,
      "version": "8.5.1",
      "icon": null,
      "website": null,
      "website_found": null,
      "created": "2018-08-16T16:58:23.908Z"
    }
  },
  {
    "pk": 1,
    "model": "dojo.notes",
    "fields": {
      "note_type": null,
      "entry": "test note",
      "date": "2020-07-14T13:13:46.172Z",
      "author": 2,
      "private": false,
      "edited": false,
      "editor": null,
      "edit_time": "2020-07-14T13:13:46.172Z",
      "history": []
    }
  },
  {
    "pk": 1,
    "model": "dojo.engagement",
    "fields": {
      "product": 2,
      "pen_test": true,
      "report_type": null,
      "first_contacted": null,
      "tmodel_path": "none",
      "risk_acceptance": [],
      "lead": 2,
      "version": null,
      "progress": "threat_model",
      "threat_model": true,
      "test_strategy": null,
      "status": "In Progress",
      "updated": null,
      "description": "test Engagement",
      "reason": null,
      "requester": null,
      "active": true,
      "done_testing": false,
      "target_end": "2018-04-12",
      "name": "1st Quarter Engagement",
      "check_list": true,
      "target_start": "2018-04-12",
      "api_test": true,
      "deduplication_on_engagement": true
    }
  },
  {
    "pk": 2,
    "model": "dojo.engagement",
    "fields": {
      "product": 1,
      "pen_test": true,
      "report_type": null,
      "first_contacted": null,
      "tmodel_path": "none",
      "risk_acceptance": [
        1
      ],
      "lead": 1,
      "version": null,
      "progress": "threat_model",
      "threat_model": true,
      "test_strategy": null,
      "status": "Completed",
      "updated": null,
      "description": "test Engagement",
      "reason": null,
      "requester": null,
      "active": true,
      "done_testing": false,
      "target_end": "2018-04-12",
      "name": "April monthly engagement",
      "check_list": true,
      "target_start": "2018-04-12",
      "api_test": true,
      "deduplication_on_engagement": true
    }
  },
  {
    "pk": 3,
    "model": "dojo.engagement",
    "fields": {
      "product": 2,
      "pen_test": true,
      "report_type": null,
      "first_contacted": null,
      "tmodel_path": "none",
      "risk_acceptance": [],
      "lead": 2,
      "version": null,
      "progress": "threat_model",
      "threat_model": true,
      "test_strategy": null,
      "status": "Completed",
      "updated": null,
      "description": "test Engagement",
      "reason": null,
      "requester": null,
      "active": true,
      "done_testing": false,
      "target_end": "2018-04-04",
      "name": "weekly engagement",
      "check_list": true,
      "target_start": "2018-04-03",
      "api_test": true,
      "deduplication_on_engagement": true,
      "notes": [
        1
      ]
    }
  },
  {
    "pk": 4,
    "model": "dojo.engagement",
    "fields": {
      "product": 2,
      "pen_test": true,
      "report_type": null,
      "first_contacted": null,
      "tmodel_path": "none",
      "risk_acceptance": [],
      "lead": 1,
      "version": null,
      "progress": "threat_model",
      "threat_model": true,
      "test_strategy": null,
      "status": "Completed",
      "updated": null,
      "description": "test Engagement",
      "reason": null,
      "requester": null,
      "active": true,
      "done_testing": false,
      "target_end": "2018-04-12",
      "name": "April monthly engagement",
      "check_list": true,
      "target_start": "2018-04-12",
      "api_test": true,
      "deduplication_on_engagement": true
    }
  },
  {
    "pk": 5,
    "model": "dojo.engagement",
    "fields": {
      "product": 2,
      "pen_test": true,
      "report_type": null,
      "first_contacted": null,
      "tmodel_path": "none",
      "risk_acceptance": [],
      "lead": 1,
      "version": null,
      "progress": "threat_model",
      "threat_model": true,
      "test_strategy": null,
      "status": "Completed",
      "updated": null,
      "description": "test Engagement",
      "reason": null,
      "requester": null,
      "active": true,
      "done_testing": false,
      "target_end": "2018-04-12",
      "name": "April monthly engagement2",
      "check_list": true,
      "target_start": "2018-04-12",
      "api_test": true,
      "deduplication_on_engagement": true
    }
  },
  {
    "model": "dojo.risk_acceptance",
    "pk": 1,
    "fields": {
      "name": "Accept: Qwegqer",
      "recommendation": "A",
      "recommendation_details": "Fix the issue",
      "decision": "A",
      "decision_details": "The issue is not that big of a deal",
      "accepted_by": "Somebody",
      "path": "",
      "owner": 1,
      "expiration_date": "2023-08-28T00:00:00Z",
      "expiration_date_warned": null,
      "expiration_date_handled": null,
      "reactivate_expired": true,
      "restart_sla_expired": false,
      "created": "2023-03-01T22:12:43.829Z",
      "updated": "2023-03-01T22:12:43.891Z",
      "accepted_findings": [
        226
      ],
      "notes": []
    }
  },
  {
    "pk": 6,
    "model": "dojo.engagement",
    "fields": {
      "product": 2,
      "pen_test": true,
      "report_type": null,
      "first_contacted": null,
      "tmodel_path": "none",
      "risk_acceptance": [],
      "lead": 1,
      "version": null,
      "progress": "threat_model",
      "threat_model": true,
      "test_strategy": null,
      "status": "Completed",
      "updated": null,
      "description": "test Engagement",
      "reason": null,
      "requester": null,
      "active": true,
      "done_testing": false,
      "target_end": "2018-04-12",
      "name": "April monthly engagement3",
      "check_list": true,
      "target_start": "2018-04-12",
      "api_test": true,
      "deduplication_on_engagement": true
    }
  },
  {
    "pk": 1,
    "model": "dojo.location",
    "fields": {
      "location_type": "url",
      "location_value": "http://127.0.0.1/endpoint/420/edit/"
    }
  },
  {
    "pk": 2,
    "model": "dojo.location",
    "fields": {
      "location_type": "url",
      "location_value": "ftp://localhost"
    }
  },
  {
    "pk": 3,
    "model": "dojo.location",
    "fields": {
      "location_type": "url",
      "location_value": "ssh://127.0.0.1"
    }
  },
  {
    "pk": 4,
    "model": "dojo.location",
    "fields": {
      "location_type": "url",
      "location_value": "ftp://foo.bar"
    }
  },
  {
    "pk": 5,
    "model": "dojo.location",
    "fields": {
      "location_type": "url",
      "location_value": "http://foo.bar"
    }
  },
  {
    "pk": 6,
    "model": "dojo.location",
    "fields": {
      "location_type": "url",
      "location_value": "http://bar.foo"
    }
  },
  {
    "pk": 7,
    "model": "dojo.location",
    "fields": {
      "location_type": "url",
      "location_value": "https://bar.foo"
    }
  },
  {
    "pk": 8,
    "model": "dojo.location",
    "fields": {
      "location_type": "url",
      "location_value": "https://bar.foo/f6"
    }
  },
  {
    "pk": 1,
    "model": "dojo.url",
    "fields": {
      "location": 1,
      "protocol": "http",
      "fragment": "",
      "host": "127.0.0.1",
      "query": "",
      "path": "endpoint/420/edit/",
      "port": 80,
      "hash": "f28d3752e452cde3e00a3aaf885fe153037ae69d9726e6a0936ee7da3225c1ad"
    }
  },
  {
    "pk": 2,
    "model": "dojo.url",
    "fields": {
      "location": 2,
      "protocol": "ftp",
      "fragment": "",
      "host": "localhost",
      "query": "",
      "path": "",
      "port": 21,
      "hash": "025d6b16f8cfba2d8e15e85deb81963a84d5dd3c700614f8e8fda87378cf58aa"
    }
  },
  {
    "pk": 3,
    "model": "dojo.url",
    "fields": {
      "location": 3,
      "protocol": "ssh",
      "fragment": "",
      "host": "127.0.0.1",
      "query": "",
      "path": "",
      "port": 22,
      "hash": "03009c0636425af566fb6b737db82852812fe2969107ef299530a248f78c4761"
    }
  },
  {
    "pk": 4,
    "model": "dojo.url",
    "fields": {
      "location": 4,
      "protocol": "ftp",
      "fragment": "",
      "host": "foo.bar",
      "query": "",
      "path": "",
      "port": 21,
      "hash": "3c82808602507ea78a48dc605d86476f5cc609f99d446d1a9c9539d5c7c10166"
    }
  },
  {
    "pk": 5,
    "model": "dojo.url",
    "fields": {
      "location": 5,
      "protocol": "http",
      "fragment": "",
      "host": "foo.bar",
      "query": "",
      "path": "",
      "port": 80,
      "hash": "c1f60206ce7dac6202baec6f6251006e499113356869f605d0168f13e1d593ac"
    }
  },
  {
    "pk": 6,
    "model": "dojo.url",
    "fields": {
      "location": 6,
      "protocol": "http",
      "fragment": "",
      "host": "bar.foo",
      "query": "",
      "path": "",
      "port": 80,
      "hash": "99e0dbdf63598bfa7c3310a6785638117134c44ac59a38785e9e81fece0878da"
    }
  },
  {
    "pk": 7,
    "model": "dojo.url",
    "fields": {
      "location": 7,
      "protocol": "https",
      "fragment": "",
      "host": "bar.foo",
      "query": "",
      "path": "",
      "port": 443,
      "hash": "26259e2d4e77789a856808509ba2d9a50838bdc76d71f596a1bb346bbcb30332"
    }
  },
  {
    "pk": 8,
    "model": "dojo.url",
    "fields": {
      "location": 8,
      "protocol": "https",
      "fragment": "",
      "host": "bar.foo",
      "query": "",
      "path": "f6",
      "port": 443,
      "hash": "4e5614106ea6ca9c15c3328731036b06ab32c45fb2ed013601350748e2d3ed85"
    }
  },
  {
    "pk": 1,
    "model": "dojo.locationfindingreference",
    "fields": {
      "location": 2,
      "finding": 2,
      "status": "Active"
    }
  },
  {
    "pk": 2,
    "model": "dojo.locationfindingreference",
    "fields": {
      "location": 5,
      "finding": 227,
      "status": "Mitigated"
    }
  },
  {
    "pk": 3,
    "model": "dojo.locationfindingreference",
    "fields": {
      "location": 5,
      "finding": 228,
      "status": "FalsePositive"
    }
  },
  {
    "pk": 4,
    "model": "dojo.locationfindingreference",
    "fields": {
      "location": 5,
      "finding": 229,
      "status": "OutOfScope"
    }
  },
  {
    "pk": 5,
    "model": "dojo.locationfindingreference",
    "fields": {
      "location": 5,
      "finding": 230,
      "status": "RiskAccepted"
    }
  },
  {
    "pk": 6,
    "model": "dojo.locationfindingreference",
    "fields": {
      "location": 6,
      "finding": 227,
      "status": "Mitigated"
    }
  },
  {
    "pk": 7,
    "model": "dojo.locationfindingreference",
    "fields": {
      "location": 7,
      "finding": 227,
      "status": "Active"
    }
  },
  {
    "pk": 8,
    "model": "dojo.locationfindingreference",
    "fields": {
      "location": 8,
      "finding": 231,
      "status": "Active"
    }
  },
  {
    "pk": 1,
    "model": "dojo.locationproductreference",
    "fields": {
      "location": 6,
      "product": 1,
      "status": "Active"
    }
  },
  {
    "pk": 1,
    "model": "dojo.development_environment",
    "fields": {
      "name": "Development"
    }
  },
  {
    "pk": 3,
    "model": "dojo.test",
    "fields": {
      "lead": null,
      "test_type": 1,
      "scan_type": "ZAP Scan",
      "engagement": 1,
      "environment": 1,
      "target_start": "2017-12-01T00:00:00Z",
      "notes": [],
      "percent_complete": 100,
      "target_end": "2017-12-10T00:00:00Z"
    }
  },
  {
    "pk": 4,
    "model": "dojo.test",
    "fields": {
      "lead": null,
      "test_type": 1,
      "scan_type": "ZAP Scan",
      "title": "My ZAP Scan",
      "engagement": 4,
      "environment": 1,
      "target_start": "2017-12-01T00:00:00Z",
      "notes": [],
      "percent_complete": 100,
      "target_end": "2017-12-10T00:00:00Z"
    }
  },
  {
    "pk": 33,
    "model": "dojo.test",
    "fields": {
      "lead": null,
      "test_type": 120,
      "engagement": 3,
      "environment": 1,
      "target_start": "2017-12-01T00:00:00Z",
      "notes": [],
      "percent_complete": 100,
      "target_end": "2017-12-10T00:00:00Z"
    }
  },
  {
    "pk": 55,
    "model": "dojo.test",
    "fields": {
      "lead": null,
      "test_type": 999,
      "scan_type": "Checkmarx Scan detailed",
      "engagement": 5,
      "environment": 1,
      "target_start": "2017-12-01T00:00:00Z",
      "notes": [],
      "percent_complete": 100,
      "target_end": "2017-12-10T00:00:00Z"
    }
  },
  {
    "pk": 66,
    "model": "dojo.test",
    "fields": {
      "lead": null,
      "test_type": 999,
      "scan_type": "Checkmarx Scan detailed",
      "engagement": 5,
      "environment": 1,
      "target_start": "2017-12-01T00:00:00Z",
      "notes": [],
      "percent_complete": 100,
      "target_end": "2017-12-10T00:00:00Z"
    }
  },
  {
    "pk": 77,
    "model": "dojo.test",
    "fields": {
      "lead": null,
      "test_type": 555,
      "scan_type": "Veracode Scan",
      "engagement": 5,
      "environment": 1,
      "target_start": "2017-12-01T00:00:00Z",
      "notes": [],
      "percent_complete": 100,
      "target_end": "2017-12-10T00:00:00Z"
    }
  },
  {
    "pk": 88,
    "model": "dojo.test",
    "fields": {
      "lead": null,
      "test_type": 555,
      "engagement": 5,
      "environment": 1,
      "target_start": "2017-12-01T00:00:00Z",
      "notes": [],
      "percent_complete": 100,
      "target_end": "2017-12-10T00:00:00Z"
    }
  },
  {
    "pk": 13,
    "model": "dojo.test",
    "fields": {
      "lead": 2,
      "test_type": 1,
      "engagement": 2,
      "environment": 1,
      "target_start": "2018-01-01T01:00:00Z",
      "notes": [],
      "percent_complete": 100,
      "target_end": "2018-01-02T01:00:00Z"
    }
  },
  {
    "pk": 14,
    "model": "dojo.test",
    "fields": {
      "lead": null,
      "test_type": 1,
      "engagement": 1,
      "environment": 1,
      "target_start": "2017-12-01T00:00:00Z",
      "notes": [
        1
      ],
      "percent_complete": 100,
      "target_end": "2017-12-10T00:00:00Z"
    }
  },
  {
    "pk": 89,
    "model": "dojo.test",
    "fields": {
      "lead": null,
      "test_type": 1,
      "scan_type": "ZAP Scan",
      "title": "Location mitigation tests",
      "engagement": 2,
      "environment": 1,
      "target_start": "2017-12-01T00:00:00Z",
      "notes": [],
      "percent_complete": 100,
      "target_end": "2017-12-10T00:00:00Z"
    }
  },
  {
    "pk": 2,
    "model": "dojo.finding",
    "fields": {
      "last_reviewed_by": null,
      "reviewers": [],
      "static_finding": false,
      "date": "2020-05-21",
      "references": "",
      "files": [],
      "payload": null,
      "under_defect_review": false,
      "impact": "High",
      "false_p": false,
      "verified": true,
      "severity": "High",
      "title": "High Impact Test Finding",
      "param": null,
      "created": "2017-12-01T00:00:00Z",
      "duplicate": false,
      "mitigation": "test mitigation",
      "found_by": [
        1
      ],
      "numerical_severity": "S0",
      "test": 3,
      "out_of_scope": false,
      "cwe": null,
      "file_path": "",
      "duplicate_finding": null,
      "description": "test finding",
      "mitigated_by": null,
      "reporter": 1,
      "mitigated": null,
      "active": true,
      "line": null,
      "under_review": false,
      "defect_review_requested_by": 1,
      "review_requested_by": 1,
      "thread_id": 11,
      "url": null,
      "notes": [],
      "dynamic_finding": false,
      "hash_code": "5d368a051fdec959e08315a32ef633ba5711bed6e8e75319ddee2cab4d4608c7",
      "last_reviewed": null
    }
  },
  {
    "pk": 3,
    "model": "dojo.finding",
    "fields": {
      "last_reviewed_by": null,
      "reviewers": [],
      "static_finding": false,
      "date": "2021-01-01",
      "references": "",
      "files": [],
      "payload": null,
      "under_defect_review": false,
      "impact": "High",
      "false_p": false,
      "verified": false,
      "severity": "High",
      "title": "High Impact Test Finding",
      "param": null,
      "created": "2017-12-01T00:00:00Z",
      "duplicate": true,
      "mitigation": "test mitigation",
      "found_by": [
        1
      ],
      "numerical_severity": "S0",
      "test": 3,
      "out_of_scope": false,
      "cwe": null,
      "file_path": "",
      "duplicate_finding": 2,
      "description": "test finding",
      "mitigated_by": null,
      "reporter": 1,
      "mitigated": null,
      "active": false,
      "line": null,
      "under_review": false,
      "defect_review_requested_by": 1,
      "review_requested_by": 1,
      "thread_id": 11,
      "url": null,
      "notes": [],
      "dynamic_finding": false,
      "hash_code": "5d368a051fdec959e08315a32ef633ba5711bed6e8e75319ddee2cab4d4608c7",
      "last_reviewed": null
    }
  },
  {
    "pk": 4,
    "model": "dojo.finding",
    "fields": {
      "last_reviewed_by": null,
      "reviewers": [],
      "static_finding": false,
      "date": "2018-01-01",
      "references": "",
      "files": [],
      "payload": null,
      "under_defect_review": false,
      "impact": "High",
      "false_p": false,
      "verified": false,
      "severity": "High",
      "title": "High Impact Test Finding",
      "param": null,
      "created": "2017-12-01T00:00:00Z",
      "duplicate": true,
      "mitigation": "test mitigation",
      "found_by": [
        1
      ],
      "numerical_severity": "S0",
      "test": 3,
      "out_of_scope": false,
      "cwe": null,
      "file_path": "",
      "duplicate_finding": 2,
      "description": "test finding",
      "mitigated_by": null,
      "reporter": 1,
      "mitigated": null,
      "active": false,
      "line": null,
      "under_review": false,
      "defect_review_requested_by": 1,
      "review_requested_by": 1,
      "thread_id": 11,
      "url": null,
      "notes": [],
      "dynamic_finding": false,
      "hash_code": "5d368a051fdec959e08315a32ef633ba5711bed6e8e75319ddee2cab4d4608c7",
      "last_reviewed": null
    }
  },
  {
    "pk": 5,
    "model": "dojo.finding",
    "fields": {
      "last_reviewed_by": null,
      "reviewers": [],
      "static_finding": false,
      "date": "2018-01-01",
      "references": "",
      "files": [],
      "payload": null,
      "under_defect_review": false,
      "impact": "High",
      "false_p": false,
      "verified": false,
      "severity": "High",
      "title": "High Impact Test Finding",
      "param": null,
      "created": "2017-12-01T00:00:00Z",
      "duplicate": true,
      "mitigation": "test mitigation",
      "found_by": [
        1
      ],
      "numerical_severity": "S0",
      "test": 3,
      "out_of_scope": false,
      "cwe": null,
      "file_path": "",
      "duplicate_finding": 2,
      "description": "test finding",
      "mitigated_by": null,
      "reporter": 1,
      "mitigated": null,
      "active": false,
      "line": null,
      "under_review": false,
      "defect_review_requested_by": 1,
      "review_requested_by": 1,
      "thread_id": 11,
      "url": null,
      "notes": [],
      "dynamic_finding": false,
      "hash_code": "5d368a051fdec959e08315a32ef633ba5711bed6e8e75319ddee2cab4d4608c7",
      "last_reviewed": null
    }
  },
  {
    "pk": 6,
    "model": "dojo.finding",
    "fields": {
      "last_reviewed_by": null,
      "reviewers": [],
      "static_finding": false,
      "date": "2018-01-01",
      "references": "",
      "files": [],
      "payload": null,
      "under_defect_review": false,
      "impact": "High",
      "false_p": false,
      "verified": false,
      "severity": "High",
      "title": "High Impact Test Finding",
      "param": null,
      "created": "2017-12-01T00:00:00Z",
      "duplicate": true,
      "mitigation": "test mitigation",
      "found_by": [
        1
      ],
      "numerical_severity": "S0",
      "test": 3,
      "out_of_scope": false,
      "cwe": null,
      "file_path": "",
      "duplicate_finding": 2,
      "description": "test finding",
      "mitigated_by": null,
      "reporter": 1,
      "mitigated": null,
      "active": false,
      "line": null,
      "under_review": false,
      "defect_review_requested_by": 1,
      "review_requested_by": 1,
      "thread_id": 11,
      "url": null,
      "notes": [],
      "dynamic_finding": false,
      "hash_code": "5d368a051fdec959e08315a32ef633ba5711bed6e8e75319ddee2cab4d4608c7",
      "last_reviewed": null
    }
  },
  {
    "pk": 7,
    "model": "dojo.finding",
    "fields": {
      "last_reviewed_by": null,
      "reviewers": [],
      "static_finding": false,
      "date": "2017-12-31",
      "references": "",
      "files": [],
      "payload": null,
      "under_defect_review": false,
      "impact": "High",
      "false_p": false,
      "verified": false,
      "severity": "High",
      "title": "DUMMY FINDING",
      "param": null,
      "created": "2017-12-01T00:00:00Z",
      "duplicate": false,
      "mitigation": "MITIGATION",
      "found_by": [
        1
      ],
      "numerical_severity": "S0",
      "test": 3,
      "out_of_scope": false,
      "cwe": 1,
      "file_path": "",
      "duplicate_finding": null,
      "description": "TEST finding",
      "mitigated_by": null,
      "reporter": 2,
      "mitigated": null,
      "active": false,
      "line": 100,
      "under_review": false,
      "defect_review_requested_by": 2,
      "review_requested_by": 2,
      "thread_id": 1,
      "url": "http://www.example.com",
      "notes": [
        1
      ],
      "dynamic_finding": false,
      "hash_code": "c89d25e445b088ba339908f68e15e3177b78d22f3039d1bfea51c4be251bf4e0",
      "last_reviewed": null
    }
  },
  {
    "pk": 22,
    "model": "dojo.finding",
    "fields": {
      "last_reviewed_by": null,
      "reviewers": [],
      "static_finding": false,
      "date": "2020-05-21",
      "references": "",
      "files": [],
      "payload": null,
      "under_defect_review": false,
      "impact": "Low",
      "false_p": false,
      "verified": true,
      "severity": "Low",
      "title": "Low Impact Test Finding",
      "param": null,
      "created": "2017-12-01T00:00:00Z",
      "duplicate": false,
      "mitigation": "test mitigation",
      "found_by": [
        1
      ],
      "numerical_severity": "S0",
      "test": 33,
      "out_of_scope": false,
      "cwe": null,
      "file_path": "/dev/urandom",
      "duplicate_finding": null,
      "description": "test finding",
      "mitigated_by": null,
      "reporter": 1,
      "mitigated": null,
      "active": true,
      "line": 123,
      "under_review": false,
      "defect_review_requested_by": 1,
      "review_requested_by": 1,
      "thread_id": 11,
      "url": null,
      "notes": [],
      "dynamic_finding": false,
      "hash_code": "9aca00affd340c4da02c934e7e3106a45c6ad0911da479daae421b3b28a2c1aa",
      "last_reviewed": null
    }
  },
  {
    "pk": 23,
    "model": "dojo.finding",
    "fields": {
      "last_reviewed_by": null,
      "reviewers": [],
      "static_finding": false,
      "date": "2021-01-01",
      "references": "",
      "files": [],
      "payload": null,
      "under_defect_review": false,
      "impact": "Low",
      "false_p": false,
      "verified": false,
      "severity": "Low",
      "title": "Low Impact Test Finding",
      "param": null,
      "created": "2017-12-01T00:00:00Z",
      "duplicate": true,
      "mitigation": "test mitigation",
      "found_by": [
        1
      ],
      "numerical_severity": "S0",
      "test": 33,
      "out_of_scope": false,
      "cwe": null,
      "file_path": "/dev/urandom",
      "duplicate_finding": 22,
      "description": "test finding",
      "mitigated_by": null,
      "reporter": 1,
      "mitigated": null,
      "active": false,
      "line": 123,
      "under_review": false,
      "defect_review_requested_by": 1,
      "review_requested_by": 1,
      "thread_id": 11,
      "url": null,
      "notes": [],
      "dynamic_finding": false,
      "hash_code": "9aca00affd340c4da02c934e7e3106a45c6ad0911da479daae421b3b28a2c1aa",
      "last_reviewed": null
    }
  },
  {
    "pk": 24,
    "model": "dojo.finding",
    "fields": {
      "last_reviewed_by": null,
      "reviewers": [],
      "static_finding": false,
      "date": "2018-01-01",
      "references": "",
      "files": [],
      "payload": null,
      "under_defect_review": false,
      "impact": "Low",
      "false_p": false,
      "verified": false,
      "severity": "Low",
      "title": "Low Impact Test Finding",
      "param": null,
      "created": "2017-12-01T00:00:00Z",
      "duplicate": true,
      "mitigation": "test mitigation",
      "found_by": [
        1
      ],
      "numerical_severity": "S0",
      "test": 33,
      "out_of_scope": false,
      "cwe": null,
      "file_path": "/dev/urandom",
      "duplicate_finding": 22,
      "description": "test finding",
      "mitigated_by": null,
      "reporter": 1,
      "mitigated": null,
      "active": false,
      "line": 123,
      "under_review": false,
      "defect_review_requested_by": 1,
      "review_requested_by": 1,
      "thread_id": 11,
      "url": null,
      "notes": [],
      "dynamic_finding": false,
      "hash_code": "9aca00affd340c4da02c934e7e3106a45c6ad0911da479daae421b3b28a2c1aa",
      "last_reviewed": null
    }
  },
  {
    "pk": 124,
    "model": "dojo.finding",
    "fields": {
      "unique_id_from_tool": 12345,
      "last_reviewed_by": null,
      "reviewers": [],
      "static_finding": false,
      "date": "2020-05-01",
      "references": "",
      "files": [],
      "payload": null,
      "under_defect_review": false,
      "impact": "Low",
      "false_p": false,
      "verified": true,
      "severity": "Low",
      "title": "Low Impact Test Finding",
      "param": null,
      "created": "2017-12-01T00:00:00Z",
      "duplicate": false,
      "mitigation": "test mitigation",
      "found_by": [
        1
      ],
      "numerical_severity": "S0",
      "test": 55,
      "out_of_scope": false,
      "cwe": null,
      "file_path": "/dev/urandom",
      "duplicate_finding": null,
      "description": "test finding",
      "mitigated_by": null,
      "reporter": 1,
      "mitigated": null,
      "active": true,
      "line": 123,
      "under_review": false,
      "defect_review_requested_by": 1,
      "review_requested_by": 1,
      "thread_id": 11,
      "url": null,
      "notes": [],
      "dynamic_finding": false,
      "hash_code": "9aca00affd340c4da02c934e7e3106a45c6ad0911da479daae421b3b28a2c1aa",
      "last_reviewed": null
    }
  },
  {
    "pk": 125,
    "model": "dojo.finding",
    "fields": {
      "unique_id_from_tool": 12345,
      "last_reviewed_by": null,
      "reviewers": [],
      "static_finding": false,
      "date": "2018-01-01",
      "references": "",
      "files": [],
      "payload": null,
      "under_defect_review": false,
      "impact": "Low",
      "false_p": false,
      "verified": false,
      "severity": "Low",
      "title": "Low Impact Test Finding",
      "param": null,
      "created": "2017-12-01T00:00:00Z",
      "duplicate": true,
      "mitigation": "test mitigation",
      "found_by": [
        1
      ],
      "numerical_severity": "S0",
      "test": 55,
      "out_of_scope": false,
      "cwe": null,
      "file_path": "/dev/urandom",
      "duplicate_finding": null,
      "description": "test finding",
      "mitigated_by": null,
      "reporter": 1,
      "mitigated": null,
      "active": false,
      "line": 123,
      "under_review": false,
      "defect_review_requested_by": 1,
      "review_requested_by": 1,
      "thread_id": 11,
      "url": null,
      "notes": [],
      "dynamic_finding": false,
      "hash_code": "9aca00affd340c4da02c934e7e3106a45c6ad0911da479daae421b3b28a2c1aa",
      "last_reviewed": null
    }
  },
  {
    "pk": 224,
    "model": "dojo.finding",
    "fields": {
      "unique_id_from_tool": 6789,
      "last_reviewed_by": null,
      "reviewers": [],
      "static_finding": false,
      "date": "2020-05-01",
      "references": "",
      "files": [],
      "payload": null,
      "under_defect_review": false,
      "impact": "Low",
      "false_p": false,
      "verified": true,
      "severity": "Low",
      "title": "UID Impact Test Finding",
      "param": null,
      "created": "2017-12-01T00:00:00Z",
      "duplicate": false,
      "mitigation": "test mitigation",
      "found_by": [
        1
      ],
      "numerical_severity": "S0",
      "test": 77,
      "out_of_scope": false,
      "cwe": null,
      "file_path": "/dev/urandom",
      "duplicate_finding": null,
      "description": "test finding",
      "mitigated_by": null,
      "reporter": 1,
      "mitigated": null,
      "active": true,
      "line": 123,
      "under_review": false,
      "defect_review_requested_by": 1,
      "review_requested_by": 1,
      "thread_id": 11,
      "url": null,
      "notes": [],
      "dynamic_finding": false,
      "hash_code": "6f8d0bf970c14175e597843f4679769a4775742549d90f902ff803de9244c7e1",
      "last_reviewed": null
    }
  },
  {
    "pk": 225,
    "model": "dojo.finding",
    "fields": {
      "unique_id_from_tool": 6789,
      "last_reviewed_by": null,
      "reviewers": [],
      "static_finding": false,
      "date": "2018-01-01",
      "references": "",
      "files": [],
      "payload": null,
      "under_defect_review": false,
      "impact": "Low",
      "false_p": false,
      "verified": false,
      "severity": "Low",
      "title": "UID Impact Test Finding",
      "param": null,
      "created": "2017-12-01T00:00:00Z",
      "duplicate": true,
      "mitigation": "test mitigation",
      "found_by": [
        1
      ],
      "numerical_severity": "S0",
      "test": 77,
      "out_of_scope": false,
      "cwe": null,
      "file_path": "/dev/urandom",
      "duplicate_finding": 224,
      "description": "test finding",
      "mitigated_by": null,
      "reporter": 1,
      "mitigated": null,
      "active": false,
      "line": 123,
      "under_review": false,
      "defect_review_requested_by": 1,
      "review_requested_by": 1,
      "thread_id": 11,
      "url": null,
      "notes": [],
      "dynamic_finding": false,
      "hash_code": "6f8d0bf970c14175e597843f4679769a4775742549d90f902ff803de9244c7e1",
      "last_reviewed": null
    }
  },
  {
    "model": "dojo.finding",
    "pk": 226,
    "fields": {
      "title": "Test Location Mitigation - Finding F1 Without Locations",
      "date": "2022-10-15",
      "severity": "Info",
      "description": "vulnerability",
      "mitigation": "",
      "impact": "",
      "steps_to_reproduce": "",
      "severity_justification": "",
      "references": "",
      "test": 89,
      "active": true,
      "verified": true,
      "false_p": false,
      "duplicate": false,
      "duplicate_finding": null,
      "out_of_scope": false,
      "risk_accepted": true,
      "under_review": false,
      "review_requested_by": null,
      "under_defect_review": false,
      "defect_review_requested_by": null,
      "is_mitigated": false,
      "mitigated": null,
      "mitigated_by": null,
      "reporter": 1,
      "numerical_severity": "S4",
      "hash_code": "a6dd6bd359ff0b504a21b8a7ae5e59f1b40dd0fa1715728bd58de8f688f01b19",
      "static_finding": false,
      "dynamic_finding": true,
      "created": "2022-10-15T23:12:52.966Z",
      "last_reviewed_by": null,
      "reviewers": [],
      "files": [],
      "payload": null,
      "param": null,
      "found_by": [
        1
      ],
      "thread_id": 0,
      "last_reviewed": null,
      "url": null,
      "notes": [],
      "line": null,
      "cwe": null,
      "file_path": ""
    }
  },
  {
    "model": "dojo.finding",
    "pk": 227,
    "fields": {
      "title": "Test Location Mitigation - Finding F2 With Many Locations",
      "date": "2022-10-15",
      "severity": "Info",
      "description": "vulnerability",
      "mitigation": "",
      "impact": "",
      "steps_to_reproduce": "",
      "severity_justification": "",
      "references": "",
      "test": 89,
      "active": true,
      "verified": true,
      "false_p": false,
      "duplicate": false,
      "duplicate_finding": null,
      "out_of_scope": false,
      "risk_accepted": false,
      "under_review": false,
      "review_requested_by": null,
      "under_defect_review": false,
      "defect_review_requested_by": null,
      "is_mitigated": false,
      "mitigated": null,
      "mitigated_by": null,
      "reporter": 1,
      "numerical_severity": "S4",
      "hash_code": "fde7dd425475851bd90a21e376eccbe753f84f94680c4394521a831846bd3aeb",
      "static_finding": false,
      "dynamic_finding": true,
      "created": "2022-10-15T23:13:23.760Z",
      "last_reviewed_by": null,
      "reviewers": [],
      "files": [],
      "payload": null,
      "param": null,
      "found_by": [
        1
      ],
      "thread_id": 0,
      "last_reviewed": null,
      "url": null,
      "notes": [],
      "line": null,
      "cwe": null,
      "file_path": ""
    }
  },
  {
    "model": "dojo.finding",
    "pk": 228,
    "fields": {
      "title": "Test Location Mitigation - Finding F3 EPS False Positive",
      "date": "2022-10-15",
      "severity": "Info",
      "description": "vulnerability",
      "mitigation": "",
      "impact": "",
      "steps_to_reproduce": "",
      "severity_justification": "",
      "references": "",
      "test": 89,
      "active": true,
      "verified": true,
      "false_p": false,
      "duplicate": false,
      "duplicate_finding": null,
      "out_of_scope": false,
      "risk_accepted": false,
      "under_review": false,
      "review_requested_by": null,
      "under_defect_review": false,
      "defect_review_requested_by": null,
      "is_mitigated": false,
      "mitigated": null,
      "mitigated_by": null,
      "reporter": 1,
      "numerical_severity": "S4",
      "hash_code": "24cd769b8b4404d95b689902931317a614c3803bbd5b161e36076eaa6a08c672",
      "static_finding": false,
      "dynamic_finding": true,
      "created": "2022-10-15T23:13:49.275Z",
      "last_reviewed_by": null,
      "reviewers": [],
      "files": [],
      "payload": null,
      "param": null,
      "found_by": [
        1
      ],
      "thread_id": 0,
      "last_reviewed": null,
      "url": null,
      "notes": [],
      "line": null,
      "cwe": null,
      "file_path": ""
    }
  },
  {
    "model": "dojo.finding",
    "pk": 229,
    "fields": {
      "title": "Test Location Mitigation - Finding F4 EPS Out of Scope",
      "date": "2022-10-15",
      "severity": "Info",
      "description": "vulnerability",
      "mitigation": "",
      "impact": "",
      "steps_to_reproduce": "",
      "severity_justification": "",
      "references": "",
      "test": 89,
      "active": true,
      "verified": true,
      "false_p": false,
      "duplicate": false,
      "duplicate_finding": null,
      "out_of_scope": false,
      "risk_accepted": false,
      "under_review": false,
      "review_requested_by": null,
      "under_defect_review": false,
      "defect_review_requested_by": null,
      "is_mitigated": false,
      "mitigated": null,
      "mitigated_by": null,
      "reporter": 1,
      "numerical_severity": "S4",
      "hash_code": "ab2a512956a76441ac537b0e78316709413be2599d37283caa7e20d92f8fa9fe",
      "static_finding": false,
      "dynamic_finding": true,
      "created": "2022-10-15T23:14:13.898Z",
      "last_reviewed_by": null,
      "reviewers": [],
      "files": [],
      "payload": null,
      "param": null,
      "found_by": [
        1
      ],
      "thread_id": 0,
      "last_reviewed": null,
      "url": null,
      "notes": [],
      "line": null,
      "cwe": null,
      "file_path": ""
    }
  },
  {
    "model": "dojo.finding",
    "pk": 230,
    "fields": {
      "title": "Test Location Mitigation - Finding F5 EPS Risk Accepted",
      "date": "2022-10-15",
      "severity": "Info",
      "description": "vulnerability",
      "mitigation": "",
      "impact": "",
      "steps_to_reproduce": "",
      "severity_justification": "",
      "references": "",
      "test": 89,
      "active": true,
      "verified": true,
      "false_p": false,
      "duplicate": false,
      "duplicate_finding": null,
      "out_of_scope": false,
      "risk_accepted": false,
      "under_review": false,
      "review_requested_by": null,
      "under_defect_review": false,
      "defect_review_requested_by": null,
      "is_mitigated": false,
      "mitigated": null,
      "mitigated_by": null,
      "reporter": 1,
      "numerical_severity": "S4",
      "hash_code": "9a80eb44b140b5d11adaac4e478f3cb74c92625a42892ab8cba4fbba72e6d733",
      "static_finding": false,
      "dynamic_finding": true,
      "created": "2022-10-15T23:14:38.406Z",
      "last_reviewed_by": null,
      "reviewers": [],
      "files": [],
      "payload": null,
      "param": null,
      "found_by": [
        1
      ],
      "thread_id": 0,
      "last_reviewed": null,
      "url": null,
      "notes": [],
      "line": null,
      "cwe": null,
      "file_path": ""
    }
  },
  {
    "model": "dojo.finding",
    "pk": 231,
    "fields": {
      "title": "Test Location Mitigation - Finding F6 Mitigated",
      "date": "2022-10-15",
      "severity": "Info",
      "description": "vulnerability",
      "mitigation": "",
      "impact": "",
      "steps_to_reproduce": "",
      "severity_justification": "",
      "references": "",
      "test": 89,
      "active": false,
      "verified": true,
      "false_p": false,
      "duplicate": false,
      "duplicate_finding": null,
      "out_of_scope": false,
      "risk_accepted": false,
      "under_review": false,
      "review_requested_by": null,
      "under_defect_review": false,
      "defect_review_requested_by": null,
      "is_mitigated": true,
      "mitigated": "2022-10-15T23:17:03.431Z",
      "mitigated_by": 1,
      "reporter": 1,
      "numerical_severity": "S4",
      "last_reviewed": "2022-10-15T23:17:03.431Z",
      "last_reviewed_by": 1,
      "hash_code": "6eb2b8bffe1ca07719a7249ef18403057a5bc0c834866b0a49d0f706bcec913e",
      "static_finding": false,
      "dynamic_finding": true,
      "created": "2022-10-15T23:15:34.814Z",
      "reviewers": [],
      "files": [],
      "payload": null,
      "param": null,
      "found_by": [
        1
      ],
      "thread_id": 0,
      "url": null,
      "notes": [],
      "line": null,
      "cwe": null,
      "file_path": ""
    }
  },
  {
    "pk": 1,
    "model": "dojo.burprawrequestresponse",
    "fields": {
      "finding": 7,
      "burpRequestBase64": "UjBWVUlDOWliMlJuWldsMEwyeHZaMmx1TG1wemNDQklWRlJRTHpFdU1RMEtTRzl6ZERvZ2JHOWpZV3hvYjNOME9qZzRPRGdOQ2xWelpYSXRRV2RsYm5RNklFMXZlbWxzYkdFdk5TNHdJQ2hOWVdOcGJuUnZjMmc3SUVsdWRHVnNJRTFoWXlCUFV5QllJREV3TGpFeE95Qnlkam8wTnk0d0tTQkhaV05yYnk4eU1ERXdNREV3TVNCR2FYSmxabTk0THpRM0xqQU5Da0ZqWTJWd2REb2dkR1Y0ZEM5b2RHMXNMR0Z3Y0d4cFkyRjBhVzl1TDNob2RHMXNLM2h0YkN4aGNIQnNhV05oZEdsdmJpOTRiV3c3Y1Qwd0xqa3NLaThxTzNFOU1DNDREUXBCWTJObGNIUXRUR0Z1WjNWaFoyVTZJR1Z1TFZWVExHVnVPM0U5TUM0MURRcEJZMk5sY0hRdFJXNWpiMlJwYm1jNklHZDZhWEFzSUdSbFpteGhkR1VOQ2xKbFptVnlaWEk2SUdoMGRIQTZMeTlzYjJOaGJHaHZjM1E2T0RnNE9DOWliMlJuWldsMEx3MEtRMjl2YTJsbE9pQktVMFZUVTBsUFRrbEVQVFpGT1RVM04wRXhOa0pCUXpZeE9URXpSRVU1TjBFNE9EZEJSRFl3TWpjMURRcERiMjV1WldOMGFXOXVPaUJqYkc5elpRMEtEUW89",
      "burpResponseBase64": "U0ZSVVVDOHhMakVnTWpBd0lBMEtVMlZ5ZG1WeU9pQkJjR0ZqYUdVdFEyOTViM1JsTHpFdU1RMEtRMjl1ZEdWdWRDMVVlWEJsT2lCMFpYaDBMMmgwYld3N1kyaGhjbk5sZEQxSlUwOHRPRGcxT1MweERRcERiMjUwWlc1MExVeGxibWQwYURvZ01qUTJNZzBLUkdGMFpUb2dVMkYwTENBeU55QkJkV2NnTWpBeE5pQXdNam93T0RvMU55QkhUVlFOQ2tOdmJtNWxZM1JwYjI0NklHTnNiM05sRFFvTkNnMEtEUW9OQ2cwS0Nnb0tDandoUkU5RFZGbFFSU0JJVkUxTUlGQlZRa3hKUXlBaUxTOHZWek5ETHk5RVZFUWdTRlJOVENBekxqSXZMMFZPSWo0S1BHaDBiV3crQ2p4b1pXRmtQZ284ZEdsMGJHVStWR2hsSUVKdlpHZGxTWFFnVTNSdmNtVThMM1JwZEd4bFBnbzhiR2x1YXlCb2NtVm1QU0p6ZEhsc1pTNWpjM01pSUhKbGJEMGljM1I1YkdWemFHVmxkQ0lnZEhsd1pUMGlkR1Y0ZEM5amMzTWlJQzgrQ2p4elkzSnBjSFFnZEhsd1pUMGlkR1Y0ZEM5cVlYWmhjMk55YVhCMElpQnpjbU05SWk0dmFuTXZkWFJwYkM1cWN5SStQQzl6WTNKcGNIUStDand2YUdWaFpENEtQR0p2WkhrK0NnbzhZMlZ1ZEdWeVBnbzhkR0ZpYkdVZ2QybGtkR2c5SWpnd0pTSWdZMnhoYzNNOUltSnZjbVJsY2lJK0NqeDBjaUJDUjBOUFRFOVNQU05ETTBRNVJrWStDangwWkNCaGJHbG5iajBpWTJWdWRHVnlJaUJqYjJ4emNHRnVQU0kySWo0S1BFZ3hQbFJvWlNCQ2IyUm5aVWwwSUZOMGIzSmxQQzlJTVQ0S1BIUmhZbXhsSUhkcFpIUm9QU0l4TURBbElpQmpiR0Z6Y3oxY0ltNXZZbTl5WkdWeVhDSStDangwY2lCQ1IwTlBURTlTUFNORE0wUTVSa1krQ2p4MFpDQmhiR2xuYmowaVkyVnVkR1Z5SWlCM2FXUjBhRDBpTXpBbElqNG1ibUp6Y0RzOEwzUmtQZ284ZEdRZ1lXeHBaMjQ5SW1ObGJuUmxjaUlnZDJsa2RHZzlJalF3SlNJK1YyVWdZbTlrWjJVZ2FYUXNJSE52SUhsdmRTQmtiMjUwSUdoaGRtVWdkRzhoUEM5MFpENEtQSFJrSUdGc2FXZHVQU0pqWlc1MFpYSWlJSGRwWkhSb1BTSXpNQ1VpSUhOMGVXeGxQU0owWlhoMExXRnNhV2R1T2lCeWFXZG9kQ0lnUGdwSGRXVnpkQ0IxYzJWeUNnbzhMM1J5UGdvOEwzUmhZbXhsUGdvOEwzUmtQZ284TDNSeVBnbzhkSEkrQ2p4MFpDQmhiR2xuYmowaVkyVnVkR1Z5SWlCM2FXUjBhRDBpTVRZbElpQkNSME5QVEU5U1BTTkZSVVZGUlVVK1BHRWdhSEpsWmowaWFHOXRaUzVxYzNBaVBraHZiV1U4TDJFK1BDOTBaRDRLUEhSa0lHRnNhV2R1UFNKalpXNTBaWElpSUhkcFpIUm9QU0l4TmlVaUlFSkhRMDlNVDFJOUkwVkZSVVZGUlQ0OFlTQm9jbVZtUFNKaFltOTFkQzVxYzNBaVBrRmliM1YwSUZWelBDOWhQand2ZEdRK0NnbzhkR1FnWVd4cFoyNDlJbU5sYm5SbGNpSWdkMmxrZEdnOUlqRTJKU0lnUWtkRFQweFBVajBqUlVWRlJVVkZQanhoSUdoeVpXWTlJbU52Ym5SaFkzUXVhbk53SWo1RGIyNTBZV04wSUZWelBDOWhQand2ZEdRK0Nqd2hMUzBnZEdRZ1lXeHBaMjQ5SW1ObGJuUmxjaUlnZDJsa2RHZzlJakUySlNJK1BHRWdhSEpsWmowaVlXUnRhVzR1YW5Od0lqNUJaRzFwYmp3dllUNDhMM1JrTFMwK0NnbzhkR1FnWVd4cFoyNDlJbU5sYm5SbGNpSWdkMmxrZEdnOUlqRTJKU0lnUWtkRFQweFBVajBqUlVWRlJVVkZQZ29LQ1FrOFlTQm9jbVZtUFNKc2IyZHBiaTVxYzNBaVBreHZaMmx1UEM5aFBnb0tQQzkwWkQ0S0NqeDBaQ0JoYkdsbmJqMGlZMlZ1ZEdWeUlpQjNhV1IwYUQwaU1UWWxJaUJDUjBOUFRFOVNQU05GUlVWRlJVVStQR0VnYUhKbFpqMGlZbUZ6YTJWMExtcHpjQ0krV1c5MWNpQkNZWE5yWlhROEwyRStQQzkwWkQ0S0NqeDBaQ0JoYkdsbmJqMGlZMlZ1ZEdWeUlpQjNhV1IwYUQwaU1UWWxJaUJDUjBOUFRFOVNQU05GUlVWRlJVVStQR0VnYUhKbFpqMGljMlZoY21Ob0xtcHpjQ0krVTJWaGNtTm9QQzloUGp3dmRHUStDand2ZEhJK0NqeDBjajRLUEhSa0lHRnNhV2R1UFNKalpXNTBaWElpSUdOdmJITndZVzQ5SWpZaVBnbzhkR0ZpYkdVZ2QybGtkR2c5SWpFd01DVWlJR05zWVhOelBTSmliM0prWlhJaVBnbzhkSEkrQ2p4MFpDQmhiR2xuYmowaWJHVm1kQ0lnZG1Gc2FXZHVQU0owYjNBaUlIZHBaSFJvUFNJeU5TVWlQZ284WVNCb2NtVm1QU0p3Y205a2RXTjBMbXB6Y0Q5MGVYQmxhV1E5TmlJK1JHOXZaR0ZvY3p3dllUNDhZbkl2UGdvOFlTQm9jbVZtUFNKd2NtOWtkV04wTG1wemNEOTBlWEJsYVdROU5TSStSMmw2Ylc5elBDOWhQanhpY2k4K0NqeGhJR2h5WldZOUluQnliMlIxWTNRdWFuTndQM1I1Y0dWcFpEMHpJajVVYUdsdVoyRnRZV3BwWjNNOEwyRStQR0p5THo0S1BHRWdhSEpsWmowaWNISnZaSFZqZEM1cWMzQS9kSGx3Wldsa1BUSWlQbFJvYVc1bmFXVnpQQzloUGp4aWNpOCtDanhoSUdoeVpXWTlJbkJ5YjJSMVkzUXVhbk53UDNSNWNHVnBaRDAzSWo1WGFHRjBZMmhoYldGallXeHNhWFJ6UEM5aFBqeGljaTgrQ2p4aElHaHlaV1k5SW5CeWIyUjFZM1F1YW5Od1AzUjVjR1ZwWkQwMElqNVhhR0YwYzJsMGN6d3ZZVDQ4WW5JdlBnbzhZU0JvY21WbVBTSndjbTlrZFdOMExtcHpjRDkwZVhCbGFXUTlNU0krVjJsa1oyVjBjend2WVQ0OFluSXZQZ29LUEdKeUx6NDhZbkl2UGp4aWNpOCtQR0p5THo0OFluSXZQanhpY2k4K1BHSnlMejQ4WW5JdlBqeGljaTgrUEdKeUx6NDhZbkl2UGp4aWNpOCtQR0p5THo0OFluSXZQanhpY2k4K0Nqd3ZkR1ErQ2p4MFpDQjJZV3hwWjI0OUluUnZjQ0lnZDJsa2RHZzlJamN3SlNJK0NnMEtEUW84YURNK1RHOW5hVzQ4TDJnelBnMEtVR3hsWVhObElHVnVkR1Z5SUhsdmRYSWdZM0psWkdWdWRHbGhiSE02SUR4aWNpOCtQR0p5THo0TkNqeG1iM0p0SUcxbGRHaHZaRDBpVUU5VFZDSStEUW9KUEdObGJuUmxjajROQ2drOGRHRmliR1UrRFFvSlBIUnlQZzBLQ1FrOGRHUStWWE5sY201aGJXVTZQQzkwWkQ0TkNna0pQSFJrUGp4cGJuQjFkQ0JwWkQwaWRYTmxjbTVoYldVaUlHNWhiV1U5SW5WelpYSnVZVzFsSWo0OEwybHVjSFYwUGp3dmRHUStEUW9KUEM5MGNqNE5DZ2s4ZEhJK0RRb0pDVHgwWkQ1UVlYTnpkMjl5WkRvOEwzUmtQZzBLQ1FrOGRHUStQR2x1Y0hWMElHbGtQU0p3WVhOemQyOXlaQ0lnYm1GdFpUMGljR0Z6YzNkdmNtUWlJSFI1Y0dVOUluQmhjM04zYjNKa0lqNDhMMmx1Y0hWMFBqd3ZkR1ErRFFvSlBDOTBjajROQ2drOGRISStEUW9KQ1R4MFpENDhMM1JrUGcwS0NRazhkR1ErUEdsdWNIVjBJR2xrUFNKemRXSnRhWFFpSUhSNWNHVTlJbk4xWW0xcGRDSWdkbUZzZFdVOUlreHZaMmx1SWo0OEwybHVjSFYwUGp3dmRHUStEUW9KUEM5MGNqNE5DZ2s4TDNSaFlteGxQZzBLQ1R3dlkyVnVkR1Z5UGcwS1BDOW1iM0p0UGcwS1NXWWdlVzkxSUdSdmJuUWdhR0YyWlNCaGJpQmhZMk52ZFc1MElIZHBkR2dnZFhNZ2RHaGxiaUJ3YkdWaGMyVWdQR0VnYUhKbFpqMGljbVZuYVhOMFpYSXVhbk53SWo1U1pXZHBjM1JsY2p3dllUNGdibTkzSUdadmNpQmhJR1p5WldVZ1lXTmpiM1Z1ZEM0TkNqeGljaTgrUEdKeUx6NE5DZzBLUEM5MFpENEtQQzkwY2o0S1BDOTBZV0pzWlQ0S1BDOTBaRDRLUEM5MGNqNEtQQzkwWVdKc1pUNEtQQzlqWlc1MFpYSStDand2WW05a2VUNEtQQzlvZEcxc1Bnb05DZzBL"
    }
  },
  {
    "pk": 2,
    "model": "dojo.stub_finding",
    "fields": {
      "description": "test stub finding",
      "reporter": 1,
      "title": "test stub finding 1",
      "test": 3,
      "date": "2017-12-20",
      "severity": "High"
    }
  },
  {
    "pk": 3,
    "model": "dojo.stub_finding",
    "fields": {
      "description": "test stub finding",
      "reporter": 1,
      "title": "test stub finding 2",
      "test": 14,
      "date": "2017-12-20",
      "severity": "High"
    }
  },
  {
    "pk": 4,
    "model": "dojo.stub_finding",
    "fields": {
      "description": "test stub finding",
      "reporter": 1,
      "title": "test stub finding 3",
      "test": 13,
      "date": "2017-12-20",
      "severity": "High"
    }
  },
  {
    "pk": 1,
    "model": "dojo.finding_template",
    "fields": {
      "impact": "",
      "description": "XSS test template",
      "title": "XSS template",
      "mitigation": "",
      "references": "",
      "numerical_severity": null,
      "cwe": null,
      "severity": "High"
    }
  },
  {
    "pk": 2,
    "model": "dojo.finding_template",
    "fields": {
      "impact": "",
      "description": "SQLi test template",
      "title": "SQLi template",
      "mitigation": "",
      "references": "",
      "numerical_severity": null,
      "cwe": null,
      "severity": "High"
    }
  },
  {
    "pk": 3,
    "model": "dojo.finding_template",
    "fields": {
      "impact": "",
      "description": "CSRF test template",
      "title": "CSRF template",
      "mitigation": "",
      "references": "",
      "numerical_severity": null,
      "cwe": null,
      "severity": "Medium"
    }
  },
  {
    "pk": 2,
    "model": "dojo.jira_instance",
    "fields": {
      "configuration_name": "Happy little JIRA 2",
      "url": "https://defectdojo.atlassian.net/",
      "username": "[YOUR USERNAME]",
      "password": "[YOUR API TOKEN]",
      "default_issue_type": "Task",
      "epic_name_id": 10011,
      "open_status_key": 11,
      "close_status_key": 41,
      "info_mapping_severity": "Lowest",
      "low_mapping_severity": "Low",
      "medium_mapping_severity": "Medium",
      "high_mapping_severity": "High",
      "critical_mapping_severity": "Highest",
      "finding_text": "",
      "global_jira_sla_notification": false
    }
  },
  {
    "pk": 3,
    "model": "dojo.jira_instance",
    "fields": {
      "configuration_name": "Happy little JIRA 3",
      "username": "defect.dojo",
      "default_issue_type": "Task",
      "finding_text": "",
      "info_mapping_severity": "Trivial",
      "low_mapping_severity": "test severity",
      "url": "http://www.testjira.com",
      "medium_mapping_severity": "test severity",
      "open_status_key": 222,
      "close_status_key": 223,
      "critical_mapping_severity": "test severity",
      "high_mapping_severity": "test severity",
      "password": "user2",
      "epic_name_id": 222
    }
  },
  {
    "pk": 4,
    "model": "dojo.jira_instance",
    "fields": {
      "configuration_name": "Happy little JIRA 4",
      "username": "defect.dojo",
      "default_issue_type": "Spike",
      "finding_text": "",
      "info_mapping_severity": "Trivial",
      "low_mapping_severity": "test severity",
      "url": "http://www.testjira.com",
      "medium_mapping_severity": "test severity",
      "open_status_key": 333,
      "close_status_key": 334,
      "critical_mapping_severity": "test severity",
      "high_mapping_severity": "test severity",
      "password": "user3",
      "epic_name_id": 333
    }
  },
  {
    "pk": 2,
    "model": "dojo.jira_issue",
    "fields": {
      "jira_key": "222",
      "finding": 5,
      "jira_id": "2",
      "engagement": null
    }
  },
  {
    "pk": 3,
    "model": "dojo.jira_issue",
    "fields": {
      "jira_key": "333",
      "finding": null,
      "jira_id": "333",
      "engagement": 1
    }
  },
  {
    "pk": 4,
    "model": "dojo.jira_issue",
    "fields": {
      "jira_key": "666",
      "finding": null,
      "jira_id": "666",
      "engagement": null
    }
  },
  {
    "pk": 1,
    "model": "dojo.jira_project",
    "fields": {
      "push_notes": false,
      "product": 1,
      "push_all_issues": false,
      "component": "",
      "enable_engagement_epic_mapping": true,
      "jira_instance": 2,
      "project_key": "NTEST"
    }
  },
  {
    "pk": 2,
    "model": "dojo.jira_project",
    "fields": {
      "push_notes": true,
      "product": 2,
      "push_all_issues": false,
      "component": "",
      "enable_engagement_epic_mapping": false,
      "jira_instance": 2,
      "project_key": "NTEST"
    }
  },
  {
    "pk": 3,
    "model": "dojo.jira_project",
    "fields": {
      "push_notes": true,
      "engagement": 3,
      "push_all_issues": false,
      "component": "",
      "enable_engagement_epic_mapping": true,
      "jira_instance": 2,
      "project_key": "NTEST"
    }
  },
  {
    "pk": 1,
    "model": "dojo.note_type",
    "fields": {
      "name": "Test Note Type",
      "description": "not that much",
      "is_single": false,
      "is_active": true,
      "is_mandatory": false
    }
  },
  {
    "pk": 1,
    "model": "dojo.tool_type",
    "fields": {
      "name": "Tool Type 1",
      "description": "test type"
    }
  },
  {
    "pk": 2,
    "model": "dojo.tool_type",
    "fields": {
      "name": "Tool Type 2",
      "description": "test type"
    }
  },
  {
    "pk": 3,
    "model": "dojo.tool_type",
    "fields": {
      "name": "Tool Type 3",
      "description": "test type"
    }
  },
  {
    "pk": 1,
    "model": "dojo.tool_configuration",
    "fields": {
      "username": "user1",
      "password": "user1",
      "tool_type": 1,
      "name": "Tool Configuration 1",
      "url": "http://www.example.com",
      "auth_title": "",
      "authentication_type": "Password",
      "ssh": "",
      "api_key": "",
      "description": "test configuration"
    }
  },
  {
    "pk": 2,
    "model": "dojo.tool_configuration",
    "fields": {
      "username": "",
      "password": "",
      "tool_type": 2,
      "name": "Tool Configuration 2",
      "url": "http://www.example.com",
      "auth_title": "test key",
      "authentication_type": "API",
      "ssh": "",
      "api_key": "test string",
      "description": "test configuration"
    }
  },
  {
    "pk": 3,
    "model": "dojo.tool_configuration",
    "fields": {
      "username": "",
      "password": "",
      "tool_type": 3,
      "name": "Tool Configuration 3",
      "url": "http://www.example.com",
      "auth_title": "test ssh",
      "authentication_type": "SSH",
      "ssh": "test string",
      "api_key": "",
      "description": "test configuration"
    }
  },
  {
    "pk": 1,
    "model": "dojo.sonarqube_issue",
    "fields": {
      "key": "AREwS5n5TxsDNHm31CxP",
      "status": "OPEN",
      "type": "VULNERABILITY"
    }
  },
  {
    "pk": 1,
    "model": "dojo.sonarqube_issue_transition",
    "fields": {
      "sonarqube_issue": 1,
      "created": "2020-06-23T22:37:10.369Z",
      "finding_status": "Active, Verified",
      "sonarqube_status": "OPEN",
      "transitions": "confirm"
    }
  },
  {
    "pk": 1,
    "model": "dojo.product_api_scan_configuration",
    "fields": {
      "product": 2,
      "service_key_1": "dojo_sonar_key",
      "tool_configuration": 3
    }
  },
  {
    "pk": 1,
    "model": "dojo.tool_product_settings",
    "fields": {
      "product": 1,
      "name": "Product Setting 1",
      "tool_configuration": 1,
      "url": "http://www.example.com",
      "notes": [],
      "tool_project_id": "1",
      "description": "test product setting"
    }
  },
  {
    "pk": 2,
    "model": "dojo.tool_product_settings",
    "fields": {
      "product": 1,
      "name": "Product Setting 2",
      "tool_configuration": 2,
      "url": "http://www.example.com",
      "notes": [],
      "tool_project_id": "2",
      "description": "test product setting"
    }
  },
  {
    "pk": 3,
    "model": "dojo.tool_product_settings",
    "fields": {
      "product": 1,
      "name": "Product Setting 3",
      "tool_configuration": 3,
      "url": "http://www.example.com",
      "notes": [],
      "tool_project_id": "3",
      "description": "test product setting"
    }
  },
  {
    "pk": 1,
    "model": "watson.searchentry",
    "fields": {
      "engine_slug": "default",
      "meta_encoded": "{}",
      "description": "",
      "title": "Python How-to",
      "url": "",
      "object_id": "1",
      "content": "Python How-to test product 0 0 0",
      "content_type": 21,
      "object_id_int": 1
    }
  },
  {
    "pk": 2,
    "model": "watson.searchentry",
    "fields": {
      "engine_slug": "default",
      "meta_encoded": "{}",
      "description": "",
      "title": "Security How-to",
      "url": "",
      "object_id": "2",
      "content": "Security How-to test product 0 0 0",
      "content_type": 21,
      "object_id_int": 2
    }
  },
  {
    "pk": 3,
    "model": "watson.searchentry",
    "fields": {
      "engine_slug": "default",
      "meta_encoded": "{}",
      "description": "",
      "title": "Security Podcast",
      "url": "",
      "object_id": "3",
      "content": "Security Podcast test product 0 0 0",
      "content_type": 21,
      "object_id_int": 3
    }
  },
  {
    "pk": 4,
    "model": "watson.searchentry",
    "fields": {
      "engine_slug": "default",
      "meta_encoded": "{}",
      "description": "",
      "title": "Web Scan (Dec 01, 2017)",
      "url": "",
      "object_id": "3",
      "content": "",
      "content_type": 31,
      "object_id_int": 3
    }
  },
  {
    "pk": 5,
    "model": "watson.searchentry",
    "fields": {
      "engine_slug": "default",
      "meta_encoded": "{}",
      "description": "",
      "title": "Web Scan (Jan 01, 2018)",
      "url": "",
      "object_id": "13",
      "content": "",
      "content_type": 31,
      "object_id_int": 13
    }
  },
  {
    "pk": 6,
    "model": "watson.searchentry",
    "fields": {
      "engine_slug": "default",
      "meta_encoded": "{}",
      "description": "",
      "title": "Web Scan (Dec 01, 2017)",
      "url": "",
      "object_id": "14",
      "content": "",
      "content_type": 31,
      "object_id_int": 14
    }
  },
  {
    "pk": 7,
    "model": "watson.searchentry",
    "fields": {
      "engine_slug": "default",
      "meta_encoded": "{}",
      "description": "",
      "title": "High Impact Test Finding",
      "url": "",
      "object_id": "2",
      "content": "High Impact Test Finding None High test finding test mitigation High  S0 None None None None None 5d368a051fdec959e08315a32ef633ba5711bed6e8e75319ddee2cab4d4608c7 ",
      "content_type": 33,
      "object_id_int": 2
    }
  },
  {
    "pk": 8,
    "model": "watson.searchentry",
    "fields": {
      "engine_slug": "default",
      "meta_encoded": "{}",
      "description": "",
      "title": "High Impact Test Finding",
      "url": "",
      "object_id": "3",
      "content": "High Impact Test Finding None High test finding test mitigation High  S0 None None None None None 5d368a051fdec959e08315a32ef633ba5711bed6e8e75319ddee2cab4d4608c7 ",
      "content_type": 33,
      "object_id_int": 3
    }
  },
  {
    "pk": 9,
    "model": "watson.searchentry",
    "fields": {
      "engine_slug": "default",
      "meta_encoded": "{}",
      "description": "",
      "title": "High Impact Test Finding",
      "url": "",
      "object_id": "4",
      "content": "High Impact Test Finding None High test finding test mitigation High  S0 None None None None None 5d368a051fdec959e08315a32ef633ba5711bed6e8e75319ddee2cab4d4608c7 ",
      "content_type": 33,
      "object_id_int": 4
    }
  },
  {
    "pk": 10,
    "model": "watson.searchentry",
    "fields": {
      "engine_slug": "default",
      "meta_encoded": "{}",
      "description": "",
      "title": "High Impact Test Finding",
      "url": "",
      "object_id": "5",
      "content": "High Impact Test Finding None High test finding test mitigation High  S0 None None None None None 5d368a051fdec959e08315a32ef633ba5711bed6e8e75319ddee2cab4d4608c7 ",
      "content_type": 33,
      "object_id_int": 5
    }
  },
  {
    "pk": 11,
    "model": "watson.searchentry",
    "fields": {
      "engine_slug": "default",
      "meta_encoded": "{}",
      "description": "",
      "title": "High Impact Test Finding",
      "url": "",
      "object_id": "6",
      "content": "High Impact Test Finding None High test finding test mitigation High  S0 None None None None None 5d368a051fdec959e08315a32ef633ba5711bed6e8e75319ddee2cab4d4608c7 ",
      "content_type": 33,
      "object_id_int": 6
    }
  },
  {
    "pk": 23,
    "model": "watson.searchentry",
    "fields": {
      "engine_slug": "default",
      "meta_encoded": "{}",
      "description": "",
      "title": "Python How-to",
      "url": "",
      "object_id": "1",
      "content": "Python How-to test product 0 0 0",
      "content_type": 21,
      "object_id_int": 1
    }
  },
  {
    "pk": 24,
    "model": "watson.searchentry",
    "fields": {
      "engine_slug": "default",
      "meta_encoded": "{}",
      "description": "",
      "title": "Security How-to",
      "url": "",
      "object_id": "2",
      "content": "Security How-to test product 0 0 0",
      "content_type": 21,
      "object_id_int": 2
    }
  },
  {
    "pk": 25,
    "model": "watson.searchentry",
    "fields": {
      "engine_slug": "default",
      "meta_encoded": "{}",
      "description": "",
      "title": "Security Podcast",
      "url": "",
      "object_id": "3",
      "content": "Security Podcast test product 0 0 0",
      "content_type": 21,
      "object_id_int": 3
    }
  },
  {
    "pk": 26,
    "model": "watson.searchentry",
    "fields": {
      "engine_slug": "default",
      "meta_encoded": "{}",
      "description": "",
      "title": "Web Scan (Dec 01, 2017)",
      "url": "",
      "object_id": "3",
      "content": "",
      "content_type": 31,
      "object_id_int": 3
    }
  },
  {
    "pk": 27,
    "model": "watson.searchentry",
    "fields": {
      "engine_slug": "default",
      "meta_encoded": "{}",
      "description": "",
      "title": "Web Scan (Jan 01, 2018)",
      "url": "",
      "object_id": "13",
      "content": "",
      "content_type": 31,
      "object_id_int": 13
    }
  },
  {
    "pk": 28,
    "model": "watson.searchentry",
    "fields": {
      "engine_slug": "default",
      "meta_encoded": "{}",
      "description": "",
      "title": "Web Scan (Dec 01, 2017)",
      "url": "",
      "object_id": "14",
      "content": "",
      "content_type": 31,
      "object_id_int": 14
    }
  },
  {
    "pk": 29,
    "model": "watson.searchentry",
    "fields": {
      "engine_slug": "default",
      "meta_encoded": "{}",
      "description": "",
      "title": "High Impact Test Finding",
      "url": "",
      "object_id": "2",
      "content": "High Impact Test Finding None High test finding test mitigation High  S0 None None None None None 5d368a051fdec959e08315a32ef633ba5711bed6e8e75319ddee2cab4d4608c7 ",
      "content_type": 33,
      "object_id_int": 2
    }
  },
  {
    "pk": 30,
    "model": "watson.searchentry",
    "fields": {
      "engine_slug": "default",
      "meta_encoded": "{}",
      "description": "",
      "title": "High Impact Test Finding",
      "url": "",
      "object_id": "3",
      "content": "High Impact Test Finding None High test finding test mitigation High  S0 None None None None None 5d368a051fdec959e08315a32ef633ba5711bed6e8e75319ddee2cab4d4608c7 ",
      "content_type": 33,
      "object_id_int": 3
    }
  },
  {
    "pk": 31,
    "model": "watson.searchentry",
    "fields": {
      "engine_slug": "default",
      "meta_encoded": "{}",
      "description": "",
      "title": "High Impact Test Finding",
      "url": "",
      "object_id": "4",
      "content": "High Impact Test Finding None High test finding test mitigation High  S0 None None None None None 5d368a051fdec959e08315a32ef633ba5711bed6e8e75319ddee2cab4d4608c7 ",
      "content_type": 33,
      "object_id_int": 4
    }
  },
  {
    "pk": 32,
    "model": "watson.searchentry",
    "fields": {
      "engine_slug": "default",
      "meta_encoded": "{}",
      "description": "",
      "title": "High Impact Test Finding",
      "url": "",
      "object_id": "5",
      "content": "High Impact Test Finding None High test finding test mitigation High  S0 None None None None None 5d368a051fdec959e08315a32ef633ba5711bed6e8e75319ddee2cab4d4608c7 ",
      "content_type": 33,
      "object_id_int": 5
    }
  },
  {
    "pk": 33,
    "model": "watson.searchentry",
    "fields": {
      "engine_slug": "default",
      "meta_encoded": "{}",
      "description": "",
      "title": "High Impact Test Finding",
      "url": "",
      "object_id": "6",
      "content": "High Impact Test Finding None High test finding test mitigation High  S0 None None None None None 5d368a051fdec959e08315a32ef633ba5711bed6e8e75319ddee2cab4d4608c7 ",
      "content_type": 33,
      "object_id_int": 6
    }
  },
  {
    "pk": 34,
    "model": "watson.searchentry",
    "fields": {
      "engine_slug": "default",
      "meta_encoded": "{}",
      "description": "",
      "title": "DUMMY FINDING",
      "url": "",
      "object_id": "7",
      "content": "DUMMY FINDING http://www.example.com High TEST finding MITIGATION High  S0 None None None None None c89d25e445b088ba339908f68e15e3177b78d22f3039d1bfea51c4be251bf4e0 ",
      "content_type": 33,
      "object_id_int": 7
    }
  },
  {
    "pk": "184770c4c3256aba904297610fbb4da3fa15ba39",
    "model": "authtoken.token",
    "fields": {
      "user": 2,
      "created": "2018-04-16T06:54:35.933Z"
    }
  },
  {
    "pk": "548afd6fab3bea9794a41b31da0e9404f733e222",
    "model": "authtoken.token",
    "fields": {
      "user": 1,
      "created": "2018-04-16T06:54:35.937Z"
    }
  },
  {
    "pk": "6d45bc1d2e5cea8c4559edd68f910cc485f61708",
    "model": "authtoken.token",
    "fields": {
      "user": 3,
      "created": "2018-04-16T06:54:35.940Z"
    }
  },
  {
    "pk": "184770c4c3256aba904297610fbb4da3fa15ba34",
    "model": "authtoken.token",
    "fields": {
      "user": 4,
      "created": "2018-04-16T06:54:35.933Z"
    }
  },
  {
    "pk": "184770c4c3256aba904297610fbb4da3fa15ba35",
    "model": "authtoken.token",
    "fields": {
      "user": 5,
      "created": "2018-04-16T06:54:35.933Z"
    }
  },
  {
    "pk": "184770c4c3256aba904297610fbb4da3fa15ba36",
    "model": "authtoken.token",
    "fields": {
      "user": 6,
      "created": "2018-04-16T06:54:35.933Z"
    }
  },
  {
    "pk": "184770c4c3256aba904297610fbb4da3fa15ba37",
    "model": "authtoken.token",
    "fields": {
      "user": 7,
      "created": "2018-04-16T06:54:35.933Z"
    }
  },
  {
    "pk": "1",
    "model": "dojo.dojo_group",
    "fields": {
      "name": "Group 1 Testdata",
      "description": "Testdata description"
    }
  },
  {
    "pk": "2",
    "model": "dojo.dojo_group",
    "fields": {
      "name": "Group 2 Testdata",
      "description": "Testdata description"
    }
  },
  {
    "pk": 1,
    "model": "dojo.product_type_group",
    "fields": {
      "product_type": 1,
      "group": 1,
      "role": 4
    }
  },
  {
    "pk": 1,
    "model": "dojo.dojo_group_member",
    "fields": {
      "group": 1,
      "user": 1,
      "role": 4
    }
  },
  {
    "pk": 1,
    "model": "dojo.product_group",
    "fields": {
      "product": 1,
      "group": 1,
      "role": 4
    }
  },
  {
    "pk": 1,
    "model": "dojo.global_role",
    "fields": {
      "user": 1,
      "role": 4
    }
  },
  {
    "pk": 2,
    "model": "dojo.global_role",
    "fields": {
      "user": 6,
      "role": 4
    }
  },
  {
    "pk": 3,
    "model": "dojo.global_role",
    "fields": {
      "user": 5,
      "role": 5
    }
  },
  {
    "pk": 4,
    "model": "dojo.global_role",
    "fields": {
      "user": 7,
      "role": 2
    }
  },
  {
    "model": "dojo.language_type",
    "pk": 1,
    "fields": {
      "language": "JSON",
      "color": "#882B0F"
    }
  },
  {
    "model": "dojo.language_type",
    "pk": 2,
    "fields": {
      "language": "Python",
      "color": "#3572A5"
    }
  },
  {
    "model": "dojo.languages",
    "pk": 1,
    "fields": {
      "language": 1,
      "product": 1,
      "user": 1,
      "files": 2,
      "blank": 3,
      "comment": 4,
      "code": 5,
      "created": "2018-04-16T06:54:35.940Z"
    }
  },
  {
    "pk": 1,
    "model": "dojo.notifications",
    "fields": {
      "product": null,
      "user": null,
      "template": false,
      "product_type_added": "webhooks,alert",
      "product_added": "webhooks,alert",
      "engagement_added": "webhooks,alert",
      "test_added": "webhooks,alert",
      "scan_added": "webhooks,alert",
      "scan_added_empty": "webhooks",
      "jira_update": "alert",
      "upcoming_engagement": "alert",
      "stale_engagement": "alert",
      "auto_close_engagement": "alert",
      "close_engagement": "alert",
      "user_mentioned": "alert",
      "code_review": "alert",
      "review_requested": "alert",
      "other": "alert",
      "sla_breach": "alert",
      "risk_acceptance_expiration": "alert",
      "sla_breach_combined": "alert"
    }
  },
  {
    "model": "auth.permission",
    "pk": 217,
    "fields": {
      "name": "Can add finding_ template",
      "content_type": 55,
      "codename": "add_finding_template"
    }
  },
  {
    "model": "auth.permission",
    "pk": 218,
    "fields": {
      "name": "Can change finding_ template",
      "content_type": 55,
      "codename": "change_finding_template"
    }
  },
  {
    "model": "auth.permission",
    "pk": 219,
    "fields": {
      "name": "Can delete finding_ template",
      "content_type": 55,
      "codename": "delete_finding_template"
    }
  },
  {
    "model": "auth.permission",
    "pk": 220,
    "fields": {
      "name": "Can view finding_ template",
      "content_type": 55,
      "codename": "view_finding_template"
    }
  },
  {
    "model": "auth.permission",
    "pk": 25,
    "fields": {
      "name": "Can add log entry",
      "content_type": 7,
      "codename": "add_logentry"
    }
  },
  {
    "model": "auth.permission",
    "pk": 26,
    "fields": {
      "name": "Can change log entry",
      "content_type": 7,
      "codename": "change_logentry"
    }
  },
  {
    "model": "auth.permission",
    "pk": 27,
    "fields": {
      "name": "Can delete log entry",
      "content_type": 7,
      "codename": "delete_logentry"
    }
  },
  {
    "model": "auth.permission",
    "pk": 28,
    "fields": {
      "name": "Can view log entry",
      "content_type": 7,
      "codename": "view_logentry"
    }
  },
  {
    "model": "dojo.cred_user",
    "pk": 1,
    "fields": {
      "name": "Cred Product",
      "username": "admin",
      "password": "AES.1:2f3cb6d1d412a0552a46b67d972d14f5:6617146b4d29492551dfc62e4a697aca",
      "role": "admin",
      "authentication": "Form",
      "http_authentication": "Basic",
      "description": "test",
      "url": "https://google.com",
      "environment": 1,
      "login_regex": null,
      "logout_regex": null,
      "is_valid": true,
      "notes": []
    }
  },
  {
    "model": "dojo.cred_mapping",
    "pk": 1,
    "fields": {
      "cred_id": 1,
      "product": 1,
      "finding": null,
      "engagement": null,
      "test": null,
      "is_authn_provider": false,
      "url": "https://google.com"
    }
  },
  {
    "model": "dojo.announcement",
    "pk": 1,
    "fields": {
      "message": "test message",
      "dismissable": true,
      "style": "danger"
    }
  },
  {
    "model": "dojo.notification_webhooks",
    "pk": 1,
    "fields": {
      "name": "My webhook endpoint",
      "url": "http://webhook.endpoint:8080/post",
      "header_name": "Auth",
      "header_value": "Token xxx",
      "status": "active",
      "first_error": null,
      "last_error": null,
      "note": null,
      "owner": null
    }
  },
  {
    "model": "dojo.notification_webhooks",
    "pk": 2,
    "fields": {
      "name": "My personal webhook endpoint",
      "url": "http://webhook.endpoint:8080/post",
      "header_name": "Auth",
      "header_value": "Token secret",
      "status": "active",
      "first_error": null,
      "last_error": null,
      "note": null,
      "owner": 6
    }
  },
  {
    "model": "dojo.test_type",
    "pk": 1000,
    "fields": {
      "name": "SonarQube Scan detailed",
      "static_tool": false,
      "dynamic_tool": false,
      "active": true,
      "dynamically_generated": false
    }
  },
  {
    "model": "dojo.test",
    "pk": 90,
    "fields": {
      "engagement": 5,
      "lead": [
        "admin"
      ],
      "test_type": 1000,
      "scan_type": "SonarQube Scan detailed",
      "title": null,
      "description": null,
      "target_start": "2025-10-22T08:29:41.333Z",
      "target_end": "2025-10-22T08:29:41.333Z",
      "percent_complete": 100,
      "environment": 1,
      "updated": "2025-10-22T08:29:41.590Z",
      "created": "2025-10-22T08:29:41.343Z",
      "version": "",
      "build_id": "",
      "commit_hash": "",
      "branch_tag": "",
      "api_scan_configuration": null,
      "notes": [],
      "files": [],
      "tags": [],
      "inherited_tags": []
    }
  },
  {
    "model": "dojo.finding",
    "pk": 232,
    "fields": {
      "title": "Disabling CSRF Protections Is Security-Sensitive",
      "date": "2025-10-22",
      "sla_start_date": null,
      "sla_expiration_date": "2025-11-21",
      "cwe": 352,
      "cve": null,
      "epss_score": null,
      "epss_percentile": null,
      "known_exploited": false,
      "ransomware_used": false,
      "kev_date": null,
      "cvssv3": null,
      "cvssv3_score": null,
      "cvssv4": null,
      "cvssv4_score": null,
      "url": null,
      "severity": "High",
      "description": "A cross-site request forgery (CSRF) attack occurs when a trusted user of a web application can be forced, by an attacker, to perform sensitive\nactions that he didn&#8217;t intend, such as updating his profile or sending a message, more generally anything that can change the state of the\napplication.\nThe attacker can trick the user/victim to click on a link, corresponding to the privileged action, or to visit a malicious web site that embeds a\nhidden web request and as web browsers automatically include cookies, the actions can be authenticated and sensitive.\n**Ask Yourself Whether**\n\n   The web application uses cookies to authenticate users. \n   There exist sensitive operations in the web application that can be performed when the user is authenticated. \n   The state / resources of the web application can be modified by doing HTTP POST or HTTP DELETE requests for example. \n\nThere is a risk if you answered yes to any of those questions.\n**Recommended Secure Coding Practices**\n\n   Protection against CSRF attacks is strongly recommended:\n    \n       to be activated by default for all unsafe HTTP\n      methods. \n       implemented, for example, with an unguessable CSRF token \n      \n   Of course all sensitive operations should not be performed with safe HTTP methods like GET which are designed to be\n  used only for information retrieval. \n\n**Sensitive Code Example**\nFor a Django application, the code is sensitive when,\n\n   django.middleware.csrf.CsrfViewMiddleware is not used in the Django settings: \n\n\nMIDDLEWARE = [\n    'django.middleware.security.SecurityMiddleware',\n    'django.contrib.sessions.middleware.SessionMiddleware',\n    'django.middleware.common.CommonMiddleware',\n    'django.contrib.auth.middleware.AuthenticationMiddleware',\n    'django.contrib.messages.middleware.MessageMiddleware',\n    'django.middleware.clickjacking.XFrameOptionsMiddleware',\n] # Sensitive: django.middleware.csrf.CsrfViewMiddleware is missing\n\n\n   the CSRF protection is disabled on a view: \n\n\n@csrf_exempt # Sensitive\ndef example(request):\n    return HttpResponse(\"default\")\n\nFor a Flask application, the code is sensitive when,\n\n   the WTF_CSRF_ENABLED setting is set to false: \n\n\napp = Flask(__name__)\napp.config['WTF_CSRF_ENABLED'] = False # Sensitive\n\n\n   the application doesn&#8217;t use the CSRFProtect module: \n\n\napp = Flask(__name__) # Sensitive: CSRFProtect is missing\n\n@app.route('/')\ndef hello_world():\n    return 'Hello, World!'\n\n\n   the CSRF protection is disabled on a view: \n\n\napp = Flask(__name__)\ncsrf = CSRFProtect()\ncsrf.init_app(app)\n\n@app.route('/example/', methods=['POST'])\n@csrf.exempt # Sensitive\ndef example():\n    return 'example '\n\n\n   the CSRF protection is disabled on a form: \n\n\nclass unprotectedForm(FlaskForm):\n    class Meta:\n        csrf = False # Sensitive\n\n    name = TextField('name')\n    submit = SubmitField('submit')\n\n**Compliant Solution**\nFor a Django application,\n\n   it is recommended to protect all the views with django.middleware.csrf.CsrfViewMiddleware: \n\n\nMIDDLEWARE = [\n    'django.middleware.security.SecurityMiddleware',\n    'django.contrib.sessions.middleware.SessionMiddleware',\n    'django.middleware.common.CommonMiddleware',\n    'django.middleware.csrf.CsrfViewMiddleware', # Compliant\n    'django.contrib.auth.middleware.AuthenticationMiddleware',\n    'django.contrib.messages.middleware.MessageMiddleware',\n    'django.middleware.clickjacking.XFrameOptionsMiddleware',\n]\n\n\n   and to not disable the CSRF protection on specific views: \n\n\ndef example(request): # Compliant\n    return HttpResponse(\"default\")\n\nFor a Flask application,\n\n   the CSRFProtect module should be used (and not disabled further with WTF_CSRF_ENABLED set to false):\n  \n\n\napp = Flask(__name__)\ncsrf = CSRFProtect()\ncsrf.init_app(app) # Compliant\n\n\n   and it is recommended to not disable the CSRF protection on specific views or forms: \n\n\n@app.route('/example/', methods=['POST']) # Compliant\ndef example():\n    return 'example '\n\nclass unprotectedForm(FlaskForm):\n    class Meta:\n        csrf = True # Compliant\n\n    name = TextField('name')\n    submit = SubmitField('submit')",
      "mitigation": "Make sure disabling CSRF protection is safe here.",
      "fix_available": null,
      "impact": "No impact provided",
      "steps_to_reproduce": null,
      "severity_justification": null,
      "references": "python:S4502\nunsafe HTTP\n      methods\nsafe HTTP\nDjango\nDjango settings\nFlask\nDjango\nFlask\nOWASP Top 10 2021 Category A1\nMITRE, CWE-352\nOWASP Top 10 2017 Category A6\nOWASP: Cross-Site Request Forgery\nSANS Top 25",
      "test": 90,
      "active": true,
      "verified": true,
      "false_p": false,
      "duplicate": false,
      "duplicate_finding": null,
      "out_of_scope": false,
      "risk_accepted": false,
      "under_review": false,
      "last_status_update": "2025-10-22T08:29:41.361Z",
      "review_requested_by": null,
      "under_defect_review": false,
      "defect_review_requested_by": null,
      "is_mitigated": false,
      "thread_id": 0,
      "mitigated": null,
      "mitigated_by": null,
      "reporter": [
        "admin"
      ],
      "numerical_severity": "S1",
      "last_reviewed": "2025-10-22T08:29:41.336Z",
      "last_reviewed_by": [
        "admin"
      ],
      "param": null,
      "payload": null,
      "hash_code": "ed09b1b5980bd7b9d67b58ba3a3200b788b567a8b3359b5b66d861112b025b9e",
      "line": 8,
      "file_path": "vulnerable-flask-app.py",
      "component_name": null,
      "component_version": null,
      "static_finding": true,
      "dynamic_finding": false,
      "created": "2025-10-22T08:29:41.361Z",
      "scanner_confidence": null,
      "sonarqube_issue": null,
      "unique_id_from_tool": "AYvNd32RyD1npIoQXyT1",
      "vuln_id_from_tool": null,
      "sast_source_object": null,
      "sast_sink_object": null,
      "sast_source_line": null,
      "sast_source_file_path": null,
      "nb_occurences": null,
      "publish_date": null,
      "service": null,
      "planned_remediation_date": null,
      "planned_remediation_version": null,
      "effort_for_fixing": null,
      "reviewers": [],
      "notes": [],
      "files": [],
      "found_by": [
        1000
      ],
      "tags": [],
      "inherited_tags": []
    }
  },
  {
    "model": "dojo.test_import",
    "pk": 6829,
    "fields": {
      "created": "2025-10-22T08:29:41.453Z",
      "modified": "2025-10-22T08:29:41.453Z",
      "test": 90,
      "import_settings": {
        "tags": [],
        "active": true,
        "verified": true,
        "push_to_jira": false,
        "minimum_severity": "Info",
        "close_old_findings": false
      },
      "type": "import",
      "version": "",
      "build_id": "",
      "commit_hash": "",
      "branch_tag": ""
    }
  },
  {
    "model": "dojo.test_import_finding_action",
    "pk": 80213,
    "fields": {
      "created": "2025-10-22T08:29:41.458Z",
      "modified": "2025-10-22T08:29:41.458Z",
      "test_import": 6829,
      "finding": 232,
      "action": "N"
    }
  },
  {
    "model": "dojo.test_type",
    "pk": 1001,
    "fields": {
      "name": "HackerOne Cases",
      "static_tool": false,
      "dynamic_tool": false,
      "active": true,
      "dynamically_generated": false
    }
  },
  {
    "model": "dojo.test",
    "pk": 91,
    "fields": {
      "engagement": 5,
      "lead": [
        "admin"
      ],
      "test_type": 1001,
      "scan_type": "HackerOne Cases",
      "title": null,
      "description": null,
      "target_start": "2025-10-22T08:52:53.734Z",
      "target_end": "2025-10-22T08:52:53.734Z",
      "percent_complete": 100,
      "environment": 1,
      "updated": "2025-10-22T08:52:53.859Z",
      "created": "2025-10-22T08:52:53.737Z",
      "version": "",
      "build_id": "",
      "commit_hash": "",
      "branch_tag": "",
      "api_scan_configuration": null,
      "notes": [],
      "files": [],
      "tags": [],
      "inherited_tags": []
    }
  },
  {
    "model": "dojo.finding",
    "pk": 233,
    "fields": {
      "title": "Sensitive Account Balance Information Exposure via Example's DaviPlata Payment Link Integration",
      "date": "2025-10-22",
      "sla_start_date": null,
      "sla_expiration_date": "2026-01-20",
      "cwe": 0,
      "cve": null,
      "epss_score": null,
      "epss_percentile": null,
      "known_exploited": false,
      "ransomware_used": false,
      "kev_date": null,
      "cvssv3": null,
      "cvssv3_score": null,
      "cvssv4": null,
      "cvssv4_score": null,
      "url": null,
      "severity": "Medium",
      "description": "**ID**: 2501687\n**Weakness Category**: Information Disclosure\n**Substate**: triaged\n**Reporter**: reporter\n**Assigned To**: Group example.co Team\n**Public**: no\n**Awarded On**: 2024-08-28 19:40:24 UTC\n**Bounty Price**: 400.0\n**First Response On**: 2024-05-14 22:14:16 UTC\n**Structured Scope**: 1489537348\n",
      "mitigation": null,
      "fix_available": null,
      "impact": null,
      "steps_to_reproduce": null,
      "severity_justification": null,
      "references": null,
      "test": 91,
      "active": true,
      "verified": true,
      "false_p": false,
      "duplicate": false,
      "duplicate_finding": null,
      "out_of_scope": false,
      "risk_accepted": false,
      "under_review": false,
      "last_status_update": "2025-10-22T08:52:53.755Z",
      "review_requested_by": null,
      "under_defect_review": false,
      "defect_review_requested_by": null,
      "is_mitigated": false,
      "thread_id": 0,
      "mitigated": null,
      "mitigated_by": null,
      "reporter": [
        "admin"
      ],
      "numerical_severity": "S2",
      "last_reviewed": "2025-10-22T08:52:53.735Z",
      "last_reviewed_by": [
        "admin"
      ],
      "param": null,
      "payload": null,
      "hash_code": "684facb6f2fd8faa50a28637d4f7fc1ba9ad3d3a932d39960e99e3c10aec3495",
      "line": null,
      "file_path": null,
      "component_name": null,
      "component_version": null,
      "static_finding": false,
      "dynamic_finding": true,
      "created": "2025-10-22T08:52:53.755Z",
      "scanner_confidence": null,
      "sonarqube_issue": null,
      "unique_id_from_tool": null,
      "vuln_id_from_tool": null,
      "sast_source_object": null,
      "sast_sink_object": null,
      "sast_source_line": null,
      "sast_source_file_path": null,
      "nb_occurences": null,
      "publish_date": null,
      "service": null,
      "planned_remediation_date": null,
      "planned_remediation_version": null,
      "effort_for_fixing": null,
      "reviewers": [],
      "notes": [],
      "files": [],
      "found_by": [
        1001
      ],
      "tags": [],
      "inherited_tags": []
    }
  },
  {
    "model": "dojo.test_import",
    "pk": 6830,
    "fields": {
      "created": "2025-10-22T08:52:53.797Z",
      "modified": "2025-10-22T08:52:53.797Z",
      "test": 91,
      "import_settings": {
        "tags": [],
        "active": true,
        "verified": true,
        "push_to_jira": false,
        "minimum_severity": "Info",
        "close_old_findings": false
      },
      "type": "import",
      "version": "",
      "build_id": "",
      "commit_hash": "",
      "branch_tag": ""
    }
  },
  {
    "model": "dojo.test_import_finding_action",
    "pk": 80214,
    "fields": {
      "created": "2025-10-22T08:52:53.798Z",
      "modified": "2025-10-22T08:52:53.798Z",
      "test_import": 6830,
      "finding": 233,
      "action": "N"
    }
  }
]