[{"pk": 1, "model": "auth.user", "fields": {"username": "admin", "first_name": "", "last_name": "", "is_active": true, "is_superuser": true, "is_staff": true, "last_login": "2018-04-17T06:00:43.171Z", "groups": [], "user_permissions": [], "password": "pbkdf2_sha256$36000$sT96yObJtsFk$F9YAJimsQqBXnff/QGLNTv100qhCNl/23hoBuNtSNZU=", "email": "", "date_joined": "2018-04-13T07:58:59.861Z"}}, {"pk": 2, "model": "auth.user", "fields": {"username": "user1", "first_name": "", "last_name": "", "is_active": true, "is_superuser": false, "is_staff": false, "last_login": null, "groups": [], "user_permissions": [], "password": "pbkdf2_sha256$36000$pe8Ff8HrBPac$Lb3ee6/R9z/aL9nM+D2AXWTpIt9Pa9kcLueXxYNy1ZY=", "email": "", "date_joined": "2018-04-13T07:59:51.527Z"}}, {"pk": 3, "model": "auth.user", "fields": {"username": "user2", "first_name": "", "last_name": "", "is_active": true, "is_superuser": false, "is_staff": false, "last_login": "2018-04-16T06:50:51.300Z", "groups": [], "user_permissions": [], "password": "pbkdf2_sha256$36000$1qzIv2IwPiUw$//wV1kpCO8jj+Vp46gOf4TDo2ITxex5/FdNPOldHlsQ=", "email": "", "date_joined": "2018-04-13T07:59:59.989Z"}}, {"pk": "2dqr18yqu9mzb87abk0okid75w2clakl", "model": "sessions.session", "fields": {"expire_date": "2018-04-30T06:50:51.569Z", "session_data": "ZmY5ZWRlNzI5OTdlMmMxNjBmNjQwODU2YWQ4ODlmNGUzNDUyOTljOTp7ImRvam9fYnJlYWRjcnVtYnMiOlt7InVybCI6Ii8iLCJ0aXRsZSI6IkhvbWUifSx7InVybCI6Ii9tZXRyaWNzIiwidGl0bGUiOiJQcm9kdWN0IFR5cGUgTWV0cmljcyJ9XSwiX2F1dGhfdXNlcl9oYXNoIjoiODE0OTY0ZTdhNzUyNDQyZjM1MjczNTExMGVkZGZjNzc4YjE0MTU3MiIsIl9hdXRoX3VzZXJfaWQiOiIzIiwiX2F1dGhfdXNlcl9iYWNrZW5kIjoiZGphbmdvLmNvbnRyaWIuYXV0aC5iYWNrZW5kcy5Nb2RlbEJhY2tlbmQifQ=="}}, {"pk": "imsqmmk97qms70tz0e55yumkf5ehcfjw", "model": "sessions.session", "fields": {"expire_date": "2018-05-01T06:00:43.175Z", "session_data": "YjUxNTgzNmRiYzZiOWEwYzZlZDIyZDE4YTcxNmJkYTBmNWZiYWJiMDp7Il9hdXRoX3VzZXJfaGFzaCI6ImNhYmY1YzMzZTJlNTFkODUyNzQ0OWZjODE4YjJiNTVjMDlmNzU4NDAiLCJfYXV0aF91c2VyX2JhY2tlbmQiOiJkamFuZ28uY29udHJpYi5hdXRoLmJhY2tlbmRzLk1vZGVsQmFja2VuZCIsIl9hdXRoX3VzZXJfaWQiOiIxIn0="}}, {"pk": "ocg999bmxmjn5q2ebcddpzbr1a3ewpvt", "model": "sessions.session", "fields": {"expire_date": "2018-04-27T07:59:39.760Z", "session_data": "YjUxNTgzNmRiYzZiOWEwYzZlZDIyZDE4YTcxNmJkYTBmNWZiYWJiMDp7Il9hdXRoX3VzZXJfaGFzaCI6ImNhYmY1YzMzZTJlNTFkODUyNzQ0OWZjODE4YjJiNTVjMDlmNzU4NDAiLCJfYXV0aF91c2VyX2JhY2tlbmQiOiJkamFuZ28uY29udHJpYi5hdXRoLmJhY2tlbmRzLk1vZGVsQmFja2VuZCIsIl9hdXRoX3VzZXJfaWQiOiIxIn0="}}, {"pk": 1, "model": "sites.site", "fields": {"domain": "example.com", "name": "example.com"}}, {"pk": 1, "model": "admin.logentry", "fields": {"action_flag": 1, "action_time": "2018-04-13T07:59:51.689Z", "object_repr": "user1", "object_id": "2", "change_message": "[{\"added\": {}}]", "user": 1, "content_type": 3}}, {"pk": 2, "model": "admin.logentry", "fields": {"action_flag": 1, "action_time": "2018-04-13T08:00:00.153Z", "object_repr": "user2", "object_id": "3", "change_message": "[{\"added\": {}}]", "user": 1, "content_type": 3}}, {"pk": 1, "model": "dojo.system_settings", "fields": {"s_finding_severity_naming": false, "jira_labels": null, "team_name": "", "hipchat_channel": "", "url_prefix": "", "enable_slack_notifications": false, "enable_mail_notifications": false, "hipchat_token": "", "mail_notifications_from": "from@example.com", "false_positive_history": false, "hipchat_site": "", "slack_token": "", "jira_minimum_severity": "High", "max_dupes": 1, "slack_username": "", "enable_hipchat_notifications": false, "time_zone": "UTC", "enable_deduplication": true, "delete_dupulicates": false, "slack_channel": "", "mail_notifications_to": "", "enable_jira": false}}, {"pk": 1, "model": "dojo.usercontactinfo", "fields": {"phone_number": "", "hipchat_username": null, "slack_username": null, "cell_number": "", "title": null, "twitter_username": null, "user": 1, "block_execution": false, "github_username": null}}, {"pk": 2, "model": "dojo.usercontactinfo", "fields": {"phone_number": "", "hipchat_username": null, "slack_username": null, "cell_number": "", "title": null, "twitter_username": null, "user": 2, "block_execution": false, "github_username": null}}, {"pk": 3, "model": "dojo.usercontactinfo", "fields": {"phone_number": "", "hipchat_username": null, "slack_username": null, "cell_number": "", "title": null, "twitter_username": null, "user": 3, "block_execution": false, "github_username": null}}, {"pk": 1, "model": "dojo.product_type", "fields": {"critical_product": true, "name": "books", "key_product": true}}, {"pk": 2, "model": "dojo.product_type", "fields": {"critical_product": true, "name": "ebooks", "key_product": false}}, {"pk": 3, "model": "dojo.product_type", "fields": {"critical_product": false, "name": "podcast", "key_product": true}}, {"pk": 1, "model": "dojo.report_type", "fields": {"name": "Type 1", "id": 1}}, {"pk": 2, "model": "dojo.report_type", "fields": {"name": "Type 2", "id": 2}}, {"pk": 3, "model": "dojo.report_type", "fields": {"name": "Type 3", "id": 3}}, {"pk": 1, "model": "dojo.test_type", "fields": {"dynamic_tool": true, "static_tool": false, "name": "ZAP Scan"}}, {"pk": 2, "model": "dojo.test_type", "fields": {"dynamic_tool": false, "static_tool": true, "name": "BURP Scan"}}, {"pk": 3, "model": "dojo.test_type", "fields": {"dynamic_tool": true, "static_tool": true, "name": "NESSUS Scan"}}, {"pk": 1, "model": "dojo.product", "fields": {"updated": null, "prod_type": 1, "name": "Python How-to", "created": null, "technical_contact": 3, "product_manager": 1, "team_manager": 2, "manager": "0", "tech_contact": "0", "tid": 0, "prod_manager": "0", "authorized_users": [1, 2, 3], "description": "test product"}}, {"pk": 2, "model": "dojo.product", "fields": {"updated": null, "prod_type": 2, "name": "Security How-to", "created": null, "technical_contact": 2, "product_manager": 2, "team_manager": 3, "manager": "0", "tech_contact": "0", "tid": 0, "prod_manager": "0", "authorized_users": [2, 3], "description": "test product"}}, {"pk": 3, "model": "dojo.product", "fields": {"updated": null, "prod_type": 3, "name": "Security Podcast", "created": null, "technical_contact": 3, "product_manager": 1, "team_manager": 3, "manager": "0", "tech_contact": "0", "tid": 0, "prod_manager": "0", "authorized_users": [1, 3], "description": "test product"}}, {"pk": 1, "model": "dojo.scansettings", "fields": {"product": 1, "protocol": "UDP", "addresses": "127.0.0.1", "frequency": "Weekly", "user": 1, "date": "2018-04-13T06:28:48.661Z", "email": "test@example.com"}}, {"pk": 2, "model": "dojo.scansettings", "fields": {"product": 2, "protocol": "TCP", "addresses": "127.0.0.1", "frequency": "Weekly", "user": 2, "date": "2018-04-13T06:28:11.843Z", "email": "test@example.com"}}, {"pk": 3, "model": "dojo.scansettings", "fields": {"product": 3, "protocol": "TCP", "addresses": "127.0.0.1", "frequency": "Monthly", "user": 1, "date": "2018-04-13T06:28:32.767Z", "email": "test@example.com"}}, {"pk": 2, "model": "dojo.scan", "fields": {"scan_settings": 1, "date": "2018-04-13T06:33:55.548Z", "status": "Pending", "baseline": false, "protocol": "TCP"}}, {"pk": 3, "model": "dojo.scan", "fields": {"scan_settings": 3, "date": "2018-04-13T06:34:09.127Z", "status": "Pending", "baseline": true, "protocol": "SSH"}}, {"pk": 4, "model": "dojo.scan", "fields": {"scan_settings": 1, "date": "2018-04-13T06:34:19.385Z", "status": "Pending", "baseline": false, "protocol": "UDP"}}, {"pk": 1, "model": "dojo.engagement_type", "fields": {"name": "Type 1", "id": 1}}, {"pk": 2, "model": "dojo.engagement_type", "fields": {"name": "Type 2", "id": 2}}, {"pk": 3, "model": "dojo.engagement_type", "fields": {"name": "Type 3", "id": 3}}, {"pk": 1, "model": "dojo.engagement", "fields": {"product": 2, "pen_test": true, "report_type": null, "first_contacted": null, "tmodel_path": "none", "risk_acceptance": [], "lead": 2, "version": null, "progress": "threat_model", "threat_model": true, "test_strategy": null, "status": "In Progress", "updated": null, "description": "test Engagement", "reason": null, "requester": null, "risk_path": "none", "eng_type": null, "active": true, "done_testing": false, "target_end": "2018-04-12", "name": "1st Quarter Engagement", "check_list": true, "target_start": "2018-04-12", "api_test": true}}, {"pk": 2, "model": "dojo.engagement", "fields": {"product": 1, "pen_test": true, "report_type": null, "first_contacted": null, "tmodel_path": "none", "risk_acceptance": [], "lead": 1, "version": null, "progress": "threat_model", "threat_model": true, "test_strategy": null, "status": "Completed", "updated": null, "description": "test Engagement", "reason": null, "requester": null, "risk_path": "none", "eng_type": null, "active": true, "done_testing": false, "target_end": "2018-04-12", "name": "April monthly engagement", "check_list": true, "target_start": "2018-04-12", "api_test": true}}, {"pk": 3, "model": "dojo.engagement", "fields": {"product": 2, "pen_test": true, "report_type": null, "first_contacted": null, "tmodel_path": "none", "risk_acceptance": [], "lead": 2, "version": null, "progress": "threat_model", "threat_model": true, "test_strategy": null, "status": "Completed", "updated": null, "description": "test Engagement", "reason": null, "requester": null, "risk_path": "none", "eng_type": null, "active": true, "done_testing": false, "target_end": "2018-04-04", "name": "weekly engagement", "check_list": true, "target_start": "2018-04-03", "api_test": true}}, {"pk": 1, "model": "dojo.endpoint", "fields": {"product": 2, "protocol": "http", "fragment": null, "fqdn": "example.com", "host": "127.0.0.1", "query": null, "path": "/endpoint/420/edit/", "port": 80}}, {"pk": 2, "model": "dojo.endpoint", "fields": {"product": 1, "protocol": "ftp", "fragment": null, "fqdn": "www.example.com", "host": "localhost", "query": null, "path": "/", "port": 21}}, {"pk": 3, "model": "dojo.endpoint", "fields": {"product": 3, "protocol": "ssh", "fragment": null, "fqdn": "www.example.com", "host": "127.0.1", "query": null, "path": null, "port": 22}}, {"pk": 1, "model": "dojo.development_environment", "fields": {"name": "Ad officia praesentium sequi suscipit error iste qui nihil illum q"}}, {"pk": 3, "model": "dojo.test", "fields": {"lead": null, "estimated_time": "00:00:00", "test_type": 1, "engagement": 1, "environment": 1, "target_start": "2017-12-01T00:00:00Z", "notes": [], "percent_complete": 100, "actual_time": "00:00:00", "target_end": "2017-12-10T00:00:00Z"}}, {"pk": 13, "model": "dojo.test", "fields": {"lead": 2, "estimated_time": null, "test_type": 1, "engagement": 2, "environment": 1, "target_start": "2018-01-01T01:00:00Z", "notes": [], "percent_complete": 100, "actual_time": null, "target_end": "2018-01-02T01:00:00Z"}}, {"pk": 14, "model": "dojo.test", "fields": {"lead": null, "estimated_time": "02:00:00", "test_type": 1, "engagement": 1, "environment": 1, "target_start": "2017-12-01T00:00:00Z", "notes": [], "percent_complete": 100, "actual_time": "00:30:00", "target_end": "2017-12-10T00:00:00Z"}}, {"pk": 2, "model": "dojo.finding", "fields": {"line_number": null, "last_reviewed_by": null, "reviewers": [], "static_finding": false, "date": "2018-01-01", "references": "", "images": [], "duplicate_list": [], "payload": null, "under_defect_review": false, "impact": "HIGH", "false_p": false, "verified": true, "severity": "HIGH", "title": "High Impact test finding", "sourcefilepath": null, "param": null, "duplicate": false, "mitigation": "test mitigation", "found_by": [1], "numerical_severity": "S0", "test": 3, "out_of_scope": false, "cwe": null, "file_path": "", "duplicate_finding": null, "description": "test finding", "mitigated_by": null, "reporter": 1, "sourcefile": null, "mitigated": null, "active": true, "line": null, "under_review": false, "defect_review_requested_by": 1, "review_requested_by": 1, "thread_id": 11, "url": null, "notes": [], "dynamic_finding": false, "hash_code": "5b0dead640b58a2b778aa2e8f5cccf67df7dc833b0c3f410985d1237615c86e7", "is_template": false, "endpoints": [], "last_reviewed": null}}, {"pk": 3, "model": "dojo.finding", "fields": {"line_number": null, "last_reviewed_by": null, "reviewers": [], "static_finding": false, "date": "2018-01-01", "references": "", "images": [], "duplicate_list": [], "payload": null, "under_defect_review": false, "impact": "HIGH", "false_p": false, "verified": true, "severity": "HIGH", "title": "High Impact test finding", "sourcefilepath": null, "param": null, "duplicate": false, "mitigation": "test mitigation", "found_by": [1], "numerical_severity": "S0", "test": 3, "out_of_scope": false, "cwe": null, "file_path": "", "duplicate_finding": null, "description": "test finding", "mitigated_by": null, "reporter": 1, "sourcefile": null, "mitigated": null, "active": true, "line": null, "under_review": false, "defect_review_requested_by": 1, "review_requested_by": 1, "thread_id": 11, "url": null, "notes": [], "dynamic_finding": false, "hash_code": "5b0dead640b58a2b778aa2e8f5cccf67df7dc833b0c3f410985d1237615c86e7", "is_template": false, "endpoints": [], "last_reviewed": null}}, {"pk": 4, "model": "dojo.finding", "fields": {"line_number": null, "last_reviewed_by": null, "reviewers": [], "static_finding": false, "date": "2018-01-01", "references": "", "images": [], "duplicate_list": [], "payload": null, "under_defect_review": false, "impact": "HIGH", "false_p": false, "verified": true, "severity": "HIGH", "title": "High Impact test finding", "sourcefilepath": null, "param": null, "duplicate": false, "mitigation": "test mitigation", "found_by": [1], "numerical_severity": "S0", "test": 3, "out_of_scope": false, "cwe": null, "file_path": "", "duplicate_finding": null, "description": "test finding", "mitigated_by": null, "reporter": 1, "sourcefile": null, "mitigated": null, "active": true, "line": null, "under_review": false, "defect_review_requested_by": 1, "review_requested_by": 1, "thread_id": 11, "url": null, "notes": [], "dynamic_finding": false, "hash_code": "5b0dead640b58a2b778aa2e8f5cccf67df7dc833b0c3f410985d1237615c86e7", "is_template": false, "endpoints": [], "last_reviewed": null}}, {"pk": 5, "model": "dojo.finding", "fields": {"line_number": null, "last_reviewed_by": null, "reviewers": [], "static_finding": false, "date": "2018-01-01", "references": "", "images": [], "duplicate_list": [], "payload": null, "under_defect_review": false, "impact": "HIGH", "false_p": false, "verified": true, "severity": "HIGH", "title": "High Impact test finding", "sourcefilepath": null, "param": null, "duplicate": false, "mitigation": "test mitigation", "found_by": [1], "numerical_severity": "S0", "test": 3, "out_of_scope": false, "cwe": null, "file_path": "", "duplicate_finding": null, "description": "test finding", "mitigated_by": null, "reporter": 1, "sourcefile": null, "mitigated": null, "active": true, "line": null, "under_review": false, "defect_review_requested_by": 1, "review_requested_by": 1, "thread_id": 11, "url": null, "notes": [], "dynamic_finding": false, "hash_code": "5b0dead640b58a2b778aa2e8f5cccf67df7dc833b0c3f410985d1237615c86e7", "is_template": false, "endpoints": [], "last_reviewed": null}}, {"pk": 6, "model": "dojo.finding", "fields": {"line_number": null, "last_reviewed_by": null, "reviewers": [], "static_finding": false, "date": "2018-01-01", "references": "", "images": [], "duplicate_list": [], "payload": null, "under_defect_review": false, "impact": "HIGH", "false_p": false, "verified": true, "severity": "HIGH", "title": "High Impact test finding", "sourcefilepath": null, "param": null, "duplicate": false, "mitigation": "test mitigation", "found_by": [1], "numerical_severity": "S0", "test": 3, "out_of_scope": false, "cwe": null, "file_path": "", "duplicate_finding": null, "description": "test finding", "mitigated_by": null, "reporter": 1, "sourcefile": null, "mitigated": null, "active": true, "line": null, "under_review": false, "defect_review_requested_by": 1, "review_requested_by": 1, "thread_id": 11, "url": null, "notes": [], "dynamic_finding": false, "hash_code": "5b0dead640b58a2b778aa2e8f5cccf67df7dc833b0c3f410985d1237615c86e7", "is_template": false, "endpoints": [], "last_reviewed": null}}, {"pk": 7, "model": "dojo.finding", "fields": {"line_number": null, "last_reviewed_by": null, "reviewers": [], "static_finding": false, "date": "2017-12-31", "references": "", "images": [], "duplicate_list": [], "payload": null, "under_defect_review": false, "impact": "HIGH", "false_p": false, "verified": false, "severity": "HIGH", "title": "DUMMY FINDING", "sourcefilepath": null, "param": null, "duplicate": false, "mitigation": "MITIGATION", "found_by": [1], "numerical_severity": "S0", "test": 3, "out_of_scope": false, "cwe": 1, "file_path": "", "duplicate_finding": null, "description": "TEST finding", "mitigated_by": null, "reporter": 2, "sourcefile": null, "mitigated": null, "active": false, "line": 100, "under_review": false, "defect_review_requested_by": 2, "review_requested_by": 2, "thread_id": 1, "url": "http://www.example.com", "notes": [], "dynamic_finding": false, "hash_code": "c89d25e445b088ba339908f68e15e3177b78d22f3039d1bfea51c4be251bf4e0", "is_template": false, "endpoints": [], "last_reviewed": null}}, {"pk": 2, "model": "dojo.stub_finding", "fields": {"description": "test stub finding", "reporter": 1, "title": "test stub finding 1", "test": 3, "date": "2017-12-20", "severity": "HIGH"}}, {"pk": 3, "model": "dojo.stub_finding", "fields": {"description": "test stub finding", "reporter": 1, "title": "test stub finding 2", "test": 14, "date": "2017-12-20", "severity": "HIGH"}}, {"pk": 4, "model": "dojo.stub_finding", "fields": {"description": "test stub finding", "reporter": 1, "title": "test stub finding 3", "test": 13, "date": "2017-12-20", "severity": "HIGH"}}, {"pk": 1, "model": "dojo.finding_template", "fields": {"impact": "", "description": "XSS test template", "title": "XSS template", "mitigation": "", "references": "", "numerical_severity": null, "cwe": null, "severity": "HIGH"}}, {"pk": 2, "model": "dojo.finding_template", "fields": {"impact": "", "description": "SQLi test template", "title": "SQLi template", "mitigation": "", "references": "", "numerical_severity": null, "cwe": null, "severity": "HIGH"}}, {"pk": 3, "model": "dojo.finding_template", "fields": {"impact": "", "description": "CSRF test template", "title": "CSRF template", "mitigation": "", "references": "", "numerical_severity": null, "cwe": null, "severity": "MEDIUM"}}, {"pk": 2, "model": "dojo.jira_conf", "fields": {"username": "user1", "default_issue_type": "Task", "finding_text": "", "low_mapping_severity": "test severity", "url": "http://www.testjira.com", "medium_mapping_severity": "test severity", "open_status_key": 111, "close_status_key": 112, "critical_mapping_severity": "test severity", "high_mapping_severity": "test severity", "password": "user1", "epic_name_id": 111}}, {"pk": 3, "model": "dojo.jira_conf", "fields": {"username": "user2", "default_issue_type": "Task", "finding_text": "", "low_mapping_severity": "test severity", "url": "http://www.testjira.com", "medium_mapping_severity": "test severity", "open_status_key": 222, "close_status_key": 223, "critical_mapping_severity": "test severity", "high_mapping_severity": "test severity", "password": "user2", "epic_name_id": 222}}, {"pk": 4, "model": "dojo.jira_conf", "fields": {"username": "user3", "default_issue_type": "Spike", "finding_text": "", "low_mapping_severity": "test severity", "url": "http://www.testjira.com", "medium_mapping_severity": "test severity", "open_status_key": 333, "close_status_key": 334, "critical_mapping_severity": "test severity", "high_mapping_severity": "test severity", "password": "user3", "epic_name_id": 333}}, {"pk": 2, "model": "dojo.jira_issue", "fields": {"jira_key": "222", "finding": 5, "jira_id": "2", "engagement": 3}}, {"pk": 3, "model": "dojo.jira_issue", "fields": {"jira_key": "333", "finding": 6, "jira_id": "3", "engagement": 1}}, {"pk": 1, "model": "dojo.jira_pkey", "fields": {"push_notes": false, "product": 1, "push_all_issues": false, "component": "", "enable_engagement_epic_mapping": true, "conf": 2, "project_key": "key1"}}, {"pk": 2, "model": "dojo.jira_pkey", "fields": {"push_notes": true, "product": 2, "push_all_issues": true, "component": "", "enable_engagement_epic_mapping": true, "conf": 3, "project_key": "key2"}}, {"pk": 3, "model": "dojo.jira_pkey", "fields": {"push_notes": false, "product": 3, "push_all_issues": false, "component": "", "enable_engagement_epic_mapping": false, "conf": 4, "project_key": "key3"}}, {"pk": 1, "model": "dojo.tool_type", "fields": {"name": "Tool Type 1", "description": "test type"}}, {"pk": 2, "model": "dojo.tool_type", "fields": {"name": "Tool Type 2", "description": "test type"}}, {"pk": 3, "model": "dojo.tool_type", "fields": {"name": "Tool Type 3", "description": "test type"}}, {"pk": 1, "model": "dojo.tool_configuration", "fields": {"username": "user1", "password": "user1", "tool_type": 1, "name": "Tool Configuration 1", "url": "http://www.example.com", "auth_title": "", "authentication_type": "Password", "ssh": "", "api_key": "", "description": "test configuration"}}, {"pk": 2, "model": "dojo.tool_configuration", "fields": {"username": "", "password": "", "tool_type": 2, "name": "Tool Configuration 2", "url": "http://www.example.com", "auth_title": "test key", "authentication_type": "API", "ssh": "", "api_key": "test string", "description": "test configuration"}}, {"pk": 3, "model": "dojo.tool_configuration", "fields": {"username": "", "password": "", "tool_type": 3, "name": "Tool Configuration 3", "url": "http://www.example.com", "auth_title": "test ssh", "authentication_type": "SSH", "ssh": "test string", "api_key": "", "description": "test configuration"}}, {"pk": 1, "model": "dojo.tool_product_settings", "fields": {"product": 1, "name": "Product Setting 1", "tool_configuration": 1, "url": "http://www.example.com", "notes": [], "tool_project_id": "1", "description": "test product setting"}}, {"pk": 2, "model": "dojo.tool_product_settings", "fields": {"product": 1, "name": "Product Setting 2", "tool_configuration": 2, "url": "http://www.example.com", "notes": [], "tool_project_id": "2", "description": "test product setting"}}, {"pk": 3, "model": "dojo.tool_product_settings", "fields": {"product": 1, "name": "Product Setting 3", "tool_configuration": 3, "url": "http://www.example.com", "notes": [], "tool_project_id": "3", "description": "test product setting"}}, {"pk": 1, "model": "watson.searchentry", "fields": {"engine_slug": "default", "meta_encoded": "{}", "description": "", "title": "Python How-to", "url": "", "object_id": "1", "content": "Python How-to test product 0 0 0", "content_type": 21, "object_id_int": 1}}, {"pk": 2, "model": "watson.searchentry", "fields": {"engine_slug": "default", "meta_encoded": "{}", "description": "", "title": "Security How-to", "url": "", "object_id": "2", "content": "Security How-to test product 0 0 0", "content_type": 21, "object_id_int": 2}}, {"pk": 3, "model": "watson.searchentry", "fields": {"engine_slug": "default", "meta_encoded": "{}", "description": "", "title": "Security Podcast", "url": "", "object_id": "3", "content": "Security Podcast test product 0 0 0", "content_type": 21, "object_id_int": 3}}, {"pk": 4, "model": "watson.searchentry", "fields": {"engine_slug": "default", "meta_encoded": "{}", "description": "", "title": "Web Scan (Dec 01, 2017)", "url": "", "object_id": "3", "content": "", "content_type": 31, "object_id_int": 3}}, {"pk": 5, "model": "watson.searchentry", "fields": {"engine_slug": "default", "meta_encoded": "{}", "description": "", "title": "Web Scan (Jan 01, 2018)", "url": "", "object_id": "13", "content": "", "content_type": 31, "object_id_int": 13}}, {"pk": 6, "model": "watson.searchentry", "fields": {"engine_slug": "default", "meta_encoded": "{}", "description": "", "title": "Web Scan (Dec 01, 2017)", "url": "", "object_id": "14", "content": "", "content_type": 31, "object_id_int": 14}}, {"pk": 7, "model": "watson.searchentry", "fields": {"engine_slug": "default", "meta_encoded": "{}", "description": "", "title": "High Impact test finding", "url": "", "object_id": "2", "content": "High Impact test finding None HIGH test finding test mitigation HIGH  S0 None None None None None 5b0dead640b58a2b778aa2e8f5cccf67df7dc833b0c3f410985d1237615c86e7 ", "content_type": 33, "object_id_int": 2}}, {"pk": 8, "model": "watson.searchentry", "fields": {"engine_slug": "default", "meta_encoded": "{}", "description": "", "title": "High Impact test finding", "url": "", "object_id": "3", "content": "High Impact test finding None HIGH test finding test mitigation HIGH  S0 None None None None None 5b0dead640b58a2b778aa2e8f5cccf67df7dc833b0c3f410985d1237615c86e7 ", "content_type": 33, "object_id_int": 3}}, {"pk": 9, "model": "watson.searchentry", "fields": {"engine_slug": "default", "meta_encoded": "{}", "description": "", "title": "High Impact test finding", "url": "", "object_id": "4", "content": "High Impact test finding None HIGH test finding test mitigation HIGH  S0 None None None None None 5b0dead640b58a2b778aa2e8f5cccf67df7dc833b0c3f410985d1237615c86e7 ", "content_type": 33, "object_id_int": 4}}, {"pk": 10, "model": "watson.searchentry", "fields": {"engine_slug": "default", "meta_encoded": "{}", "description": "", "title": "High Impact test finding", "url": "", "object_id": "5", "content": "High Impact test finding None HIGH test finding test mitigation HIGH  S0 None None None None None 5b0dead640b58a2b778aa2e8f5cccf67df7dc833b0c3f410985d1237615c86e7 ", "content_type": 33, "object_id_int": 5}}, {"pk": 11, "model": "watson.searchentry", "fields": {"engine_slug": "default", "meta_encoded": "{}", "description": "", "title": "High Impact test finding", "url": "", "object_id": "6", "content": "High Impact test finding None HIGH test finding test mitigation HIGH  S0 None None None None None 5b0dead640b58a2b778aa2e8f5cccf67df7dc833b0c3f410985d1237615c86e7 ", "content_type": 33, "object_id_int": 6}}, {"pk": 23, "model": "watson.searchentry", "fields": {"engine_slug": "default", "meta_encoded": "{}", "description": "", "title": "Python How-to", "url": "", "object_id": "1", "content": "Python How-to test product 0 0 0", "content_type": 21, "object_id_int": 1}}, {"pk": 24, "model": "watson.searchentry", "fields": {"engine_slug": "default", "meta_encoded": "{}", "description": "", "title": "Security How-to", "url": "", "object_id": "2", "content": "Security How-to test product 0 0 0", "content_type": 21, "object_id_int": 2}}, {"pk": 25, "model": "watson.searchentry", "fields": {"engine_slug": "default", "meta_encoded": "{}", "description": "", "title": "Security Podcast", "url": "", "object_id": "3", "content": "Security Podcast test product 0 0 0", "content_type": 21, "object_id_int": 3}}, {"pk": 26, "model": "watson.searchentry", "fields": {"engine_slug": "default", "meta_encoded": "{}", "description": "", "title": "Web Scan (Dec 01, 2017)", "url": "", "object_id": "3", "content": "", "content_type": 31, "object_id_int": 3}}, {"pk": 27, "model": "watson.searchentry", "fields": {"engine_slug": "default", "meta_encoded": "{}", "description": "", "title": "Web Scan (Jan 01, 2018)", "url": "", "object_id": "13", "content": "", "content_type": 31, "object_id_int": 13}}, {"pk": 28, "model": "watson.searchentry", "fields": {"engine_slug": "default", "meta_encoded": "{}", "description": "", "title": "Web Scan (Dec 01, 2017)", "url": "", "object_id": "14", "content": "", "content_type": 31, "object_id_int": 14}}, {"pk": 29, "model": "watson.searchentry", "fields": {"engine_slug": "default", "meta_encoded": "{}", "description": "", "title": "High Impact test finding", "url": "", "object_id": "2", "content": "High Impact test finding None HIGH test finding test mitigation HIGH  S0 None None None None None 5b0dead640b58a2b778aa2e8f5cccf67df7dc833b0c3f410985d1237615c86e7 ", "content_type": 33, "object_id_int": 2}}, {"pk": 30, "model": "watson.searchentry", "fields": {"engine_slug": "default", "meta_encoded": "{}", "description": "", "title": "High Impact test finding", "url": "", "object_id": "3", "content": "High Impact test finding None HIGH test finding test mitigation HIGH  S0 None None None None None 5b0dead640b58a2b778aa2e8f5cccf67df7dc833b0c3f410985d1237615c86e7 ", "content_type": 33, "object_id_int": 3}}, {"pk": 31, "model": "watson.searchentry", "fields": {"engine_slug": "default", "meta_encoded": "{}", "description": "", "title": "High Impact test finding", "url": "", "object_id": "4", "content": "High Impact test finding None HIGH test finding test mitigation HIGH  S0 None None None None None 5b0dead640b58a2b778aa2e8f5cccf67df7dc833b0c3f410985d1237615c86e7 ", "content_type": 33, "object_id_int": 4}}, {"pk": 32, "model": "watson.searchentry", "fields": {"engine_slug": "default", "meta_encoded": "{}", "description": "", "title": "High Impact test finding", "url": "", "object_id": "5", "content": "High Impact test finding None HIGH test finding test mitigation HIGH  S0 None None None None None 5b0dead640b58a2b778aa2e8f5cccf67df7dc833b0c3f410985d1237615c86e7 ", "content_type": 33, "object_id_int": 5}}, {"pk": 33, "model": "watson.searchentry", "fields": {"engine_slug": "default", "meta_encoded": "{}", "description": "", "title": "High Impact test finding", "url": "", "object_id": "6", "content": "High Impact test finding None HIGH test finding test mitigation HIGH  S0 None None None None None 5b0dead640b58a2b778aa2e8f5cccf67df7dc833b0c3f410985d1237615c86e7 ", "content_type": 33, "object_id_int": 6}}, {"pk": 34, "model": "watson.searchentry", "fields": {"engine_slug": "default", "meta_encoded": "{}", "description": "", "title": "DUMMY FINDING", "url": "", "object_id": "7", "content": "DUMMY FINDING http://www.example.com HIGH TEST finding MITIGATION HIGH  S0 None None None None None c89d25e445b088ba339908f68e15e3177b78d22f3039d1bfea51c4be251bf4e0 ", "content_type": 33, "object_id_int": 7}}, {"pk": "184770c4c3256aba904297610fbb4da3fa15ba39", "model": "authtoken.token", "fields": {"user": 2, "created": "2018-04-16T06:54:35.933Z"}}, {"pk": "548afd6fab3bea9794a41b31da0e9404f733e222", "model": "authtoken.token", "fields": {"user": 1, "created": "2018-04-16T06:54:35.937Z"}}, {"pk": "6d45bc1d2e5cea8c4559edd68f910cc485f61708", "model": "authtoken.token", "fields": {"user": 3, "created": "2018-04-16T06:54:35.940Z"}}]