[
    {
        "fields": {
            "model": "question",
            "app_label": "dojo"
        },
        "model": "contenttypes.contenttype",
        "pk": 65
    },
    {
        "fields": {
            "model": "answer",
            "app_label": "dojo"
        },
        "model": "contenttypes.contenttype",
        "pk": 68
    },
    {
        "fields": {
            "model": "textquestion",
            "app_label": "dojo"
        },
        "model": "contenttypes.contenttype",
        "pk": 66
    },
    {
        "fields": {
            "model": "textanswer",
            "app_label": "dojo"
        },
        "model": "contenttypes.contenttype",
        "pk": 69
    },
    {
        "fields": {
            "model": "choicequestion",
            "app_label": "dojo"
        },
        "model": "contenttypes.contenttype",
        "pk": 71
    },
    {
        "fields": {
            "model": "choiceanswer",
            "app_label": "dojo"
        },
        "model": "contenttypes.contenttype",
        "pk": 70
    },
    {
        "pk": 1,
        "model": "auth.user",
        "fields": {
            "username": "admin",
            "first_name": "",
            "last_name": "",
            "is_active": true,
            "is_superuser": true,
            "is_staff": true,
            "last_login": "2018-04-17T06:00:43.171Z",
            "groups": [],
            "user_permissions": [],
            "password": "pbkdf2_sha256$36000$sT96yObJtsFk$F9YAJimsQqBXnff/QGLNTv100qhCNl/23hoBuNtSNZU=",
            "email": "",
            "date_joined": "2018-04-13T07:58:59.861Z"
        }
    },
    {
        "pk": 2,
        "model": "auth.user",
        "fields": {
            "username": "user1",
            "first_name": "",
            "last_name": "",
            "is_active": true,
            "is_superuser": false,
            "is_staff": false,
            "last_login": null,
            "groups": [],
            "user_permissions": [],
            "password": "pbkdf2_sha256$36000$pe8Ff8HrBPac$Lb3ee6/R9z/aL9nM+D2AXWTpIt9Pa9kcLueXxYNy1ZY=",
            "email": "",
            "date_joined": "2018-04-13T07:59:51.527Z"
        }
    },
    {
        "pk": "184770c4c3256aba904297610fbb4da3fa15ba39",
        "model": "authtoken.token",
        "fields": {
            "user": 2,
            "created": "2018-04-16T06:54:35.933Z"
        }
    },
    {
        "pk": "548afd6fab3bea9794a41b31da0e9404f733e222",
        "model": "authtoken.token",
        "fields": {
            "user": 1,
            "created": "2018-04-16T06:54:35.937Z"
        }
    },
    {
        "pk": 1,
        "model": "dojo.product_type",
        "fields": {
            "critical_product": true,
            "name": "books",
            "key_product": true
        }
    },
    {
        "pk": 2,
        "model": "dojo.product_type",
        "fields": {
            "critical_product": true,
            "name": "ebooks",
            "key_product": false
        }
    },
    {
        "pk": 1,
        "model": "dojo.product",
        "fields": {
            "updated": null,
            "prod_type": 1,
            "name": "Python How-to",
            "created": null,
            "technical_contact": 1,
            "product_manager": 1,
            "team_manager": 1,
            "tid": 0,
            "description": "test product"
        }
    },
    {
        "pk": 2,
        "model": "dojo.product",
        "fields": {
            "updated": null,
            "prod_type": 2,
            "name": "Security How-to",
            "created": null,
            "technical_contact": 2,
            "product_manager": 2,
            "team_manager": 2,
            "tid": 0,
            "description": "test product"
        }
    },
    {
        "pk": 1,
        "model": "dojo.engagement",
        "fields": {
            "product": 2,
            "pen_test": true,
            "report_type": null,
            "first_contacted": null,
            "tmodel_path": "none",
            "risk_acceptance": [],
            "lead": 2,
            "version": null,
            "progress": "threat_model",
            "threat_model": true,
            "test_strategy": null,
            "status": "In Progress",
            "updated": null,
            "description": "test Engagement",
            "reason": null,
            "requester": null,
            "active": true,
            "done_testing": false,
            "target_end": "2018-04-12",
            "name": "1st Quarter Engagement",
            "check_list": true,
            "target_start": "2018-04-12",
            "api_test": true,
            "deduplication_on_engagement": true
        }
    },
    {
        "pk": 2,
        "model": "dojo.engagement",
        "fields": {
            "product": 1,
            "pen_test": true,
            "report_type": null,
            "first_contacted": null,
            "tmodel_path": "none",
            "risk_acceptance": [],
            "lead": 1,
            "version": null,
            "progress": "threat_model",
            "threat_model": true,
            "test_strategy": null,
            "status": "Completed",
            "updated": null,
            "description": "test Engagement",
            "reason": null,
            "requester": null,
            "active": true,
            "done_testing": false,
            "target_end": "2018-04-12",
            "name": "April monthly engagement",
            "check_list": true,
            "target_start": "2018-04-12",
            "api_test": true,
            "deduplication_on_engagement": true
        }
    },
    {
        "model": "dojo.question",
        "pk": 14,
        "fields": {
            "polymorphic_ctype": 66,
            "created": "2015-03-30T19:57:22Z",
            "modified": "2015-03-30T19:57:22Z",
            "order": 1,
            "optional": false,
            "text": "What access control limitations are in place?"
        }
    },
    {
        "model": "dojo.question",
        "pk": 15,
        "fields": {
            "polymorphic_ctype": 66,
            "created": "2015-03-30T19:57:34Z",
            "modified": "2015-03-30T19:57:34Z",
            "order": 1,
            "optional": false,
            "text": "How is access control enforced? (IP whitelists, role-based access controls, etc.)"
        }
    },
    {
        "model": "dojo.question",
        "pk": 16,
        "fields": {
            "polymorphic_ctype": 66,
            "created": "2015-03-30T19:57:55Z",
            "modified": "2015-03-30T19:57:55Z",
            "order": 1,
            "optional": false,
            "text": "What Identity roles (if any) are utilized by the app and how many people are estimated to be inside those groups?"
        }
    },
    {
        "model": "dojo.question",
        "pk": 17,
        "fields": {
            "polymorphic_ctype": 66,
            "created": "2015-03-30T19:58:36Z",
            "modified": "2015-03-30T19:58:36Z",
            "order": 1,
            "optional": false,
            "text": "What is the criteria for being added to these groups?  Are they audited and auto-purged?"
        }
    },
    {
        "model": "dojo.question",
        "pk": 18,
        "fields": {
            "polymorphic_ctype": 66,
            "created": "2015-03-30T20:00:35Z",
            "modified": "2015-03-30T20:00:35Z",
            "order": 1,
            "optional": false,
            "text": "Are you logging all sensitive user actions, such as user registration, permission modification, login attempts, admin functions, etc.?"
        }
    },
    {
        "model": "dojo.question",
        "pk": 19,
        "fields": {
            "polymorphic_ctype": 66,
            "created": "2015-03-30T20:00:46Z",
            "modified": "2015-03-30T20:00:46Z",
            "order": 1,
            "optional": false,
            "text": "What identifying information are you logging?"
        }
    },
    {
        "model": "dojo.question",
        "pk": 20,
        "fields": {
            "polymorphic_ctype": 66,
            "created": "2015-03-30T20:00:58Z",
            "modified": "2015-03-30T20:00:58Z",
            "order": 1,
            "optional": false,
            "text": "Where are these logs stored?"
        }
    },
    {
        "model": "dojo.question",
        "pk": 44,
        "fields": {
            "polymorphic_ctype": 71,
            "created": "2023-03-02T17:58:59.698Z",
            "modified": "2023-03-02T17:58:59.737Z",
            "order": 1,
            "optional": false,
            "text": "somethign ,multi choice"
        }
    },
    {
        "model": "dojo.textquestion",
        "pk": 14,
        "fields": {}
    },
    {
        "model": "dojo.textquestion",
        "pk": 15,
        "fields": {}
    },
    {
        "model": "dojo.textquestion",
        "pk": 16,
        "fields": {}
    },
    {
        "model": "dojo.textquestion",
        "pk": 17,
        "fields": {}
    },
    {
        "model": "dojo.textquestion",
        "pk": 18,
        "fields": {}
    },
    {
        "model": "dojo.textquestion",
        "pk": 19,
        "fields": {}
    },
    {
        "model": "dojo.textquestion",
        "pk": 20,
        "fields": {}
    },
    {
        "model": "dojo.choice",
        "pk": 1,
        "fields": {
            "created": "2023-03-02T17:58:59.712Z",
            "modified": "2023-03-02T17:58:59.712Z",
            "order": 1,
            "label": "a"
        }
    },
    {
        "model": "dojo.choice",
        "pk": 2,
        "fields": {
            "created": "2023-03-02T17:58:59.723Z",
            "modified": "2023-03-02T17:58:59.723Z",
            "order": 1,
            "label": "b"
        }
    },
    {
        "model": "dojo.choice",
        "pk": 3,
        "fields": {
            "created": "2023-03-02T17:58:59.732Z",
            "modified": "2023-03-02T17:58:59.732Z",
            "order": 1,
            "label": "3"
        }
    },
    {
        "model": "dojo.choicequestion",
        "pk": 44,
        "fields": {
            "multichoice": false,
            "choices": [
                1,
                2,
                3
            ]
        }
    },
    {
        "model": "dojo.engagement_survey",
        "pk": 4,
        "fields": {
            "name": "Access Control",
            "description": "Tell us about the access control configured for your application.",
            "active": true,
            "questions": [
                14,
                15,
                16,
                17,
                19,
                20,
                18
            ]
        }
    },
    {
        "model": "dojo.engagement_survey",
        "pk": 8,
        "fields": {
            "name": "Multichoice Survey",
            "description": "Soimething here",
            "active": true,
            "questions": [
                44
            ]
        }
    },
    {
        "model": "dojo.general_survey",
        "pk": 2,
        "fields": {
            "survey": 4,
            "num_responses": 1,
            "generated": "2023-03-02T18:39:36.372Z",
            "expiration": "2023-03-31T00:00:00Z"
        }
    },
    {
        "model": "dojo.general_survey",
        "pk": 1,
        "fields": {
            "survey": 8,
            "num_responses": 1,
            "generated": "2023-03-02T18:39:27.769Z",
            "expiration": "2023-03-31T00:00:00Z"
        }
    },
    {
        "model": "dojo.answered_survey",
        "pk": 2,
        "fields": {
            "engagement": 1,
            "survey": 4,
            "assignee": null,
            "responder": 1,
            "completed": true,
            "answered_on": "2023-03-02"
        }
    },
    {
        "model": "dojo.answered_survey",
        "pk": 1,
        "fields": {
            "engagement": 2,
            "survey": 8,
            "assignee": null,
            "responder": 1,
            "completed": true,
            "answered_on": "2023-03-02"
        }
    },
    {
        "model": "dojo.answer",
        "pk": 1,
        "fields": {
            "polymorphic_ctype": 70,
            "created": "2023-03-02T19:07:55.430Z",
            "modified": "2023-03-02T19:07:55.447Z",
            "question": 44,
            "answered_survey": 1
        }
    },
    {
        "model": "dojo.answer",
        "pk": 2,
        "fields": {
            "polymorphic_ctype": 69,
            "created": "2023-03-02T19:14:07.816Z",
            "modified": "2023-03-02T19:14:07.822Z",
            "question": 14,
            "answered_survey": 2
        }
    },
    {
        "model": "dojo.answer",
        "pk": 3,
        "fields": {
            "polymorphic_ctype": 69,
            "created": "2023-03-02T19:14:07.829Z",
            "modified": "2023-03-02T19:14:07.833Z",
            "question": 15,
            "answered_survey": 2
        }
    },
    {
        "model": "dojo.answer",
        "pk": 4,
        "fields": {
            "polymorphic_ctype": 69,
            "created": "2023-03-02T19:14:07.838Z",
            "modified": "2023-03-02T19:14:07.841Z",
            "question": 16,
            "answered_survey": 2
        }
    },
    {
        "model": "dojo.answer",
        "pk": 5,
        "fields": {
            "polymorphic_ctype": 69,
            "created": "2023-03-02T19:14:07.845Z",
            "modified": "2023-03-02T19:14:07.848Z",
            "question": 17,
            "answered_survey": 2
        }
    },
    {
        "model": "dojo.answer",
        "pk": 6,
        "fields": {
            "polymorphic_ctype": 69,
            "created": "2023-03-02T19:14:07.853Z",
            "modified": "2023-03-02T19:14:07.856Z",
            "question": 19,
            "answered_survey": 2
        }
    },
    {
        "model": "dojo.answer",
        "pk": 7,
        "fields": {
            "polymorphic_ctype": 69,
            "created": "2023-03-02T19:14:07.861Z",
            "modified": "2023-03-02T19:14:07.864Z",
            "question": 20,
            "answered_survey": 2
        }
    },
    {
        "model": "dojo.answer",
        "pk": 8,
        "fields": {
            "polymorphic_ctype": 69,
            "created": "2023-03-02T19:14:07.868Z",
            "modified": "2023-03-02T19:14:07.871Z",
            "question": 18,
            "answered_survey": 2
        }
    },
    {
        "model": "dojo.textanswer",
        "pk": 2,
        "fields": {
            "answer": "Some meaningful answer"
        }
    },
    {
        "model": "dojo.textanswer",
        "pk": 3,
        "fields": {
            "answer": "Some meaningful answer"
        }
    },
    {
        "model": "dojo.textanswer",
        "pk": 4,
        "fields": {
            "answer": "Some meaningful answer"
        }
    },
    {
        "model": "dojo.textanswer",
        "pk": 5,
        "fields": {
            "answer": "Some meaningful answer"
        }
    },
    {
        "model": "dojo.textanswer",
        "pk": 6,
        "fields": {
            "answer": "Some meaningful answer"
        }
    },
    {
        "model": "dojo.textanswer",
        "pk": 7,
        "fields": {
            "answer": "Some meaningful answer"
        }
    },
    {
        "model": "dojo.textanswer",
        "pk": 8,
        "fields": {
            "answer": "Some meaningful answer"
        }
    },
    {
        "model": "dojo.choiceanswer",
        "pk": 1,
        "fields": {
            "answer": [
                1
            ]
        }
    }
]