Project id,Version id,Channel version id,Project name,Version,Channel version origin name,Match type,Match content,Path,Archive context,Usage,Adjusted,Component policy status,Overridden By
e46cc3d5-d963-4d4b-9cb4-1d4bdb8cc953,88cc892e-415f-4846-aeef-dce21c1dc459,2f55da45-a2f3-47a4-8618-5bda7a7fd27e,Apache Velocity,1.7,1.7,FILE_EXACT,,/WEB-INF/lib/velocity-1.7.jar,/WEB-INF/plugins/saml.hpi!/,DYNAMICALLY_LINKED,false,,
822bbe0d-90fc-4775-bce9-acd680278914,2c052a6d-8f23-4103-8188-2bbe9022f140,19a0f81b-a715-47a1-9211-0ee6837e1f90,Spring Framework,2.5.6.SEC03,2.5.6.SEC03,FILE_EXACT,,/WEB-INF/lib/spring-webmvc-2.5.6.SEC03.jar,,DYNAMICALLY_LINKED,false,,
822bbe0d-90fc-4775-bce9-acd680278914,2c052a6d-8f23-4103-8188-2bbe9022f140,0d95746d-d515-404f-84d6-9de18c727dbe,Spring Framework,2.5.6.SEC03,2.5.6.SEC03,FILE_EXACT,,/WEB-INF/lib/spring-web-2.5.6.SEC03.jar,,DYNAMICALLY_LINKED,false,,
822bbe0d-90fc-4775-bce9-acd680278914,2c052a6d-8f23-4103-8188-2bbe9022f140,d0498225-1d85-42f8-bbb7-814ec81d9212,Spring Framework,2.5.6.SEC03,2.5.6.SEC03,FILE_EXACT,,/WEB-INF/lib/spring-aop-2.5.6.SEC03.jar,,DYNAMICALLY_LINKED,false,,
822bbe0d-90fc-4775-bce9-acd680278914,2c052a6d-8f23-4103-8188-2bbe9022f140,b174fad4-5fbf-4304-b0ee-069193d1a425,Spring Framework,2.5.6.SEC03,2.5.6.SEC03,FILE_EXACT,,/WEB-INF/lib/spring-core-2.5.6.SEC03.jar,,DYNAMICALLY_LINKED,false,,
822bbe0d-90fc-4775-bce9-acd680278914,2c052a6d-8f23-4103-8188-2bbe9022f140,e1a12605-e880-4857-b848-d3f75264d938,Spring Framework,2.5.6.SEC03,2.5.6.SEC03,FILE_EXACT,,/WEB-INF/lib/spring-context-2.5.6.SEC03.jar,,DYNAMICALLY_LINKED,false,,
822bbe0d-90fc-4775-bce9-acd680278914,2c052a6d-8f23-4103-8188-2bbe9022f140,59177ae4-180e-4352-975e-c6ce488c1797,Spring Framework,2.5.6.SEC03,2.5.6.SEC03,FILE_EXACT,,/WEB-INF/lib/spring-context-support-2.5.6.SEC03.jar,,DYNAMICALLY_LINKED,false,,
822bbe0d-90fc-4775-bce9-acd680278914,2c052a6d-8f23-4103-8188-2bbe9022f140,b5925d7c-3e51-4f5b-90b0-4976eda2a6af,Spring Framework,2.5.6.SEC03,2.5.6.SEC03,FILE_EXACT,,/WEB-INF/lib/spring-beans-2.5.6.SEC03.jar,,DYNAMICALLY_LINKED,false,,
822bbe0d-90fc-4775-bce9-acd680278914,24a3e3ed-37ee-4cd0-8f58-762667bf1b59,a37a85c7-7836-42f5-8a3f-615620cbfab0,Spring Framework,1.2.9,1.2.9,FILE_EXACT,,/WEB-INF/lib/spring-jdbc-1.2.9.jar,,DYNAMICALLY_LINKED,false,,