{
    "@odata.context": "https://eu.api.security.microsoft.com/api/$metadata#Machines",
    "value": [
        {
            "aadDeviceId": "c18539cd-e869-48ce-a26f-e45f8f2d88e5",
            "agentVersion": "10.8775.22631.4751",
            "computerDnsName": "dvs-cstancu",
            "deviceValue": "Normal",
            "exclusionReason": null,
            "exposureLevel": "High",
            "firstSeen": "2022-07-25T13:44:02.776Z",
            "healthStatus": "Active",
            "id": "e20d13ec6aff01641f3a6e23ea4053ce41f7c188",
            "ipAddresses": [
                "@{ipAddress=172.27.250.9; macAddress=00FFA141158D; operationalStatus=Up; type=53}",
                "@{ipAddress=fe80::cacc:d85e:2b2c:4446; macAddress=00FFA141158D; operationalStatus=Up; type=53}",
                "@{ipAddress=169.254.177.255; macAddress=00BE438247EA; operationalStatus=Down; type=Ethernet}",
                "@{ipAddress=fe80::89cd:c505:3550:cec7; macAddress=00BE438247EA; operationalStatus=Down; type=Ethernet}",
                "@{ipAddress=169.254.86.24; macAddress=; operationalStatus=Down; type=53}",
                "@{ipAddress=fe80::3df7:387c:87a7:3649; macAddress=; operationalStatus=Down; type=53}",
                "@{ipAddress=169.254.187.126; macAddress=703217149CAF; operationalStatus=Down; type=IEEE80211}",
                "@{ipAddress=fe80::c7f6:51e0:653d:9ec2; macAddress=703217149CAF; operationalStatus=Down; type=IEEE80211}",
                "@{ipAddress=169.254.130.45; macAddress=723217149CAE; operationalStatus=Down; type=IEEE80211}",
                "@{ipAddress=fe80::9016:741c:e5b4:64d4; macAddress=723217149CAE; operationalStatus=Down; type=IEEE80211}",
                "@{ipAddress=192.168.1.3; macAddress=703217149CAE; operationalStatus=Up; type=IEEE80211}",
                "@{ipAddress=fe80::c5ea:c967:9085:9bf8; macAddress=703217149CAE; operationalStatus=Up; type=IEEE80211}",
                "@{ipAddress=127.0.0.1; macAddress=; operationalStatus=Up; type=SoftwareLoopback}",
                "@{ipAddress=::1; macAddress=; operationalStatus=Up; type=SoftwareLoopback}"
            ],
            "isAadJoined": true,
            "isExcluded": false,
            "isPotentialDuplication": false,
            "lastExternalIpAddress": "20.113.1.6",
            "lastIpAddress": "192.168.1.3",
            "lastSeen": "2025-02-19T11:19:26.2539286Z",
            "machineTags": [
            ],
            "managedBy": "Intune",
            "managedByStatus": "Unknown",
            "mergedIntoMachineId": null,
            "onboardingStatus": "Onboarded",
            "osArchitecture": "64-bit",
            "osBuild": 22631,
            "osPlatform": "Windows11",
            "osProcessor": "x64",
            "osVersion": null,
            "rbacGroupId": 0,
            "rbacGroupName": null,
            "riskScore": "None",
            "version": "23H2",
            "vmMetadata": null
        }
    ]
}