Component id,Version id,Channel version id,Project name,Version,Channel version origin,Channel version origin id,Channel version origin name,Vulnerability id,Description,Published on,Updated on,Base score,Exploitability,Impact,Vulnerability source,Remediation status,Remediation target date,Remediation actual date,Remediation comment,URL,Security Risk
e46cc3d5-d963-4d4b-9cb4-1d4bdb8cc953,88cc892e-415f-4846-aeef-dce21c1dc459,2f55da45-a2f3-47a4-8618-5bda7a7fd27e,Apache Velocity,1.7,maven,org.apache.velocity:velocity:1.7,1.7,103918,Apache Commons FileUpload contains flaw that is due to ParametersInterceptor allowing access to the 'class' parameter. This may allow a remote attacker to manipulate the ClassLoader and execute arbitrary Java code.,3/3/14,12/12/17,10,10,10,VULNDB,NEW,,,,,HIGH
e46cc3d5-d963-4d4b-9cb4-1d4bdb8cc953,88cc892e-415f-4846-aeef-dce21c1dc459,2f55da45-a2f3-47a4-8618-5bda7a7fd27e,Apache Velocity,1.7,maven,org.apache.velocity:velocity:1.7,1.7,104207,"Apache Velocity contains a flaw that allows traversing outside of a restricted path. The issue is due to VelocityLayoutServlet not properly sanitizing user input, specifically path traversal style attacks (e.g. '../') supplied via the 'layout' parameter. With a specially crafted request, a remote attacker can gain access to potentially sensitive information.",3/8/14,3/8/14,5,10,2.9,VULNDB,NEW,,,,,MEDIUM
e46cc3d5-d963-4d4b-9cb4-1d4bdb8cc953,88cc892e-415f-4846-aeef-dce21c1dc459,2f55da45-a2f3-47a4-8618-5bda7a7fd27e,Apache Velocity,1.7,maven,org.apache.velocity:velocity:1.7,1.7,129952,"Apache Commons Collections contains a flaw in the InvokerTransformer class. This issue is triggered when handling Java code, which may invoke unsafe deserialize calls. This may allow a remote attacker to execute arbitrary code.",11/6/15,2/27/18,7.5,10,6.4,VULNDB,NEW,,,,,HIGH
822bbe0d-90fc-4775-bce9-acd680278914,24a3e3ed-37ee-4cd0-8f58-762667bf1b59,a37a85c7-7836-42f5-8a3f-615620cbfab0,Spring Framework,1.2.9,maven,org.springframework:spring-jdbc:1.2.9,1.2.9,CVE-2011-2731,"Race condition in the RunAsManager mechanism in VMware SpringSource Spring Security before 2.0.7 and 3.0.x before 3.0.6 stores the Authentication object in the shared security context, which allows attackers to gain privileges via a crafted thread.",12/6/12,10/23/13,5.1,4.9,6.4,NVD,NEW,,,,http://web.nvd.nist.gov/view/vuln/detail?vulnId=CVE-2011-2731,MEDIUM
822bbe0d-90fc-4775-bce9-acd680278914,24a3e3ed-37ee-4cd0-8f58-762667bf1b59,a37a85c7-7836-42f5-8a3f-615620cbfab0,Spring Framework,1.2.9,maven,org.springframework:spring-jdbc:1.2.9,1.2.9,CVE-2011-2732,CRLF injection vulnerability in the logout functionality in VMware SpringSource Spring Security before 2.0.7 and 3.0.x before 3.0.6 allows remote attackers to inject arbitrary HTTP headers and conduct HTTP response splitting attacks via the spring-security-redirect parameter.,12/6/12,12/6/12,4.3,8.6,2.9,NVD,NEW,,,,http://web.nvd.nist.gov/view/vuln/detail?vulnId=CVE-2011-2732,MEDIUM
822bbe0d-90fc-4775-bce9-acd680278914,24a3e3ed-37ee-4cd0-8f58-762667bf1b59,a37a85c7-7836-42f5-8a3f-615620cbfab0,Spring Framework,1.2.9,maven,org.springframework:spring-jdbc:1.2.9,1.2.9,CVE-2012-5055,"DaoAuthenticationProvider in VMware SpringSource Spring Security before 2.0.8, 3.0.x before 3.0.8, and 3.1.x before 3.1.3 does not check the password if the user is not found, which makes the response delay shorter and might allow remote attackers to enumerate valid usernames via a series of login requests.",12/6/12,12/28/12,5,10,2.9,NVD,NEW,,,,http://web.nvd.nist.gov/view/vuln/detail?vulnId=CVE-2012-5055,MEDIUM
822bbe0d-90fc-4775-bce9-acd680278914,24a3e3ed-37ee-4cd0-8f58-762667bf1b59,a37a85c7-7836-42f5-8a3f-615620cbfab0,Spring Framework,1.2.9,maven,org.springframework:spring-jdbc:1.2.9,1.2.9,CVE-2013-7315,"The Spring MVC in Spring Framework before 3.2.4 and 4.0.0.M1 through 4.0.0.M2 does not disable external entity resolution for the StAX XMLInputFactory, which allows context-dependent attackers to read arbitrary files, cause a denial of service, and conduct CSRF attacks via crafted XML with JAXB, aka an XML External Entity (XXE) issue, and a different vulnerability than CVE-2013-4152.  NOTE: this issue was SPLIT from CVE-2013-4152 due to different affected versions.",1/24/14,11/28/16,6.8,8.6,6.4,NVD,NEW,,,,http://web.nvd.nist.gov/view/vuln/detail?vulnId=CVE-2013-7315,MEDIUM
822bbe0d-90fc-4775-bce9-acd680278914,24a3e3ed-37ee-4cd0-8f58-762667bf1b59,a37a85c7-7836-42f5-8a3f-615620cbfab0,Spring Framework,1.2.9,maven,org.springframework:spring-jdbc:1.2.9,1.2.9,CVE-2013-4152,"The Spring OXM wrapper in Spring Framework before 3.2.4 and 4.0.0.M1, when using the JAXB marshaller, does not disable entity resolution, which allows context-dependent attackers to read arbitrary files, cause a denial of service, and conduct CSRF attacks via an XML external entity declaration in conjunction with an entity reference in a (1) DOMSource, (2) StAXSource, (3) SAXSource, or (4) StreamSource, aka an XML External Entity (XXE) issue.",1/24/14,11/28/16,6.8,8.6,6.4,NVD,NEW,,,,http://web.nvd.nist.gov/view/vuln/detail?vulnId=CVE-2013-4152,MEDIUM
822bbe0d-90fc-4775-bce9-acd680278914,24a3e3ed-37ee-4cd0-8f58-762667bf1b59,a37a85c7-7836-42f5-8a3f-615620cbfab0,Spring Framework,1.2.9,maven,org.springframework:spring-jdbc:1.2.9,1.2.9,CVE-2014-0054,"The Jaxb2RootElementHttpMessageConverter in Spring MVC in Spring Framework before 3.2.8 and 4.0.0 before 4.0.2 does not disable external entity resolution, which allows remote attackers to read arbitrary files, cause a denial of service, and conduct CSRF attacks via crafted XML, aka an XML External Entity (XXE) issue.  NOTE: this vulnerability exists because of an incomplete fix for CVE-2013-4152, CVE-2013-7315, and CVE-2013-6429.",4/18/14,4/19/18,6.8,8.6,6.4,NVD,NEW,,,,http://web.nvd.nist.gov/view/vuln/detail?vulnId=CVE-2014-0054,MEDIUM
822bbe0d-90fc-4775-bce9-acd680278914,24a3e3ed-37ee-4cd0-8f58-762667bf1b59,a37a85c7-7836-42f5-8a3f-615620cbfab0,Spring Framework,1.2.9,maven,org.springframework:spring-jdbc:1.2.9,1.2.9,CVE-2013-6429,"The SourceHttpMessageConverter in Spring MVC in Spring Framework before 3.2.5 and 4.0.0.M1 through 4.0.0.RC1 does not disable external entity resolution, which allows remote attackers to read arbitrary files, cause a denial of service, and conduct CSRF attacks via crafted XML, aka an XML External Entity (XXE) issue, and a different vulnerability than CVE-2013-4152 and CVE-2013-7315.",11/9/16,10/9/18,6.8,8.6,6.4,NVD,NEW,,,,http://web.nvd.nist.gov/view/vuln/detail?vulnId=CVE-2013-6429,MEDIUM
822bbe0d-90fc-4775-bce9-acd680278914,24a3e3ed-37ee-4cd0-8f58-762667bf1b59,a37a85c7-7836-42f5-8a3f-615620cbfab0,Spring Framework,1.2.9,maven,org.springframework:spring-jdbc:1.2.9,1.2.9,CVE-2016-9878,"An issue was discovered in Pivotal Spring Framework before 3.2.18, 4.2.x before 4.2.9, and 4.3.x before 4.3.5. Paths provided to the ResourceServlet were not properly sanitized and as a result exposed to directory traversal attacks.",1/2/17,7/18/18,5,10,2.9,NVD,NEW,,,,http://web.nvd.nist.gov/view/vuln/detail?vulnId=CVE-2016-9878,MEDIUM