{
    "@odata.context": "https://api-eu.securitycenter.windows.com/api/asfDto)",
    "value": [
      {
        "id": "fjweoifjewiofjweoifjeowifjowei-_-CVE-9034-5678-_-packagvendor-_-tools-_-1.2.3.4-_-",
        "cveId": "CVE-9034-5678",
        "machineId": "fjweoifjewiofjweoifjeowifjowei",
        "fixingKbId": null,
        "productName": "asf",
        "productVendor": "packagvendor",
        "productVersion": "1.2.3.333.4",
        "severity": "Critical"
      }
    ],
    "@odata.nextLink": "https://apiofazure?$skip=10000"
  }