{
    "@odata.context": "https://api-eu.securitycenter.windows.com/api/asfDto)",
    "value": [
      {
        "id": "wjeriowerjoiewrjoweirjeowij-_-CVE-5678-8888-_-packagvendor-_-tools-_-1.2.3.4-_-",
        "cveId": "CVE-5678-8888",
        "machineId": "wjeriowerjoiewrjoweirjeowij",
        "fixingKbId": null,
        "productName": "tools",
        "productVendor": "packagvendor",
        "productVersion": "1.2.3.4",
        "severity": "Medium"
      }
    ],
    "@odata.nextLink": "https://apiofazure?$skip=10000"
  }