{
    "@odata.context": "https://fweffsfe.com/api/$metadata#Machines",
    "value": [
      {
        "id": "wjeriowerjoiewrjoweirjeowij",
        "mergedIntoMachineId": null,
        "isPotentialDuplication": false,
        "isExcluded": false,
        "exclusionReason": null,
        "computerDnsName": "Max_Mustermann_iPad Air (17zoll) (2nd generation)",
        "firstSeen": "1990-1sdfsdfsdfZ",
        "lastSeen": "1999-10-sdffew",
        "osPlatform": "Other",
        "osVersion": null,
        "osProcessor": null,
        "version": "Other",
        "lastIpAddress": "1.1.1.1",
        "lastExternalIpAddress": null,
        "agentVersion": "1234",
        "osBuild": null,
        "healthStatus": "Active",
        "deviceValue": "Normal",
        "rbacGroupId": 5678,
        "rbacGroupName": "UnassignedGroup",
        "riskScore": "None",
        "exposureLevel": "None",
        "isAadJoined": false,
        "aadDeviceId": null,
        "machineTags": [],
        "defenderAvStatus": "Unknown",
        "onboardingStatus": "Unsupported",
        "osArchitecture": null,
        "managedBy": "Unknown",
        "managedByStatus": "Unknown",
        "ipAddresses": [
          {
            "ipAddress": "1.1.1.1",
            "macAddress": "00-B0-D0-63-C2-26",
            "type": null,
            "operationalStatus": "Unknown"
          }
        ],
        "vmMetadata": null
      }
    ]
  }
