Used by,Component id,Version id,Origin id,Component name,Component version name,Component origin name,Component origin id,Component origin version name,Vulnerability id,Description,Published on,Updated on,Base score,Exploitability,Impact,Vulnerability source,Remediation status,Remediation target date,Remediation actual date,Remediation comment,URL,Security Risk,Project path
,b637c933-5ca3-4a94-9d28-cc5a44ffa162,2c0f93df-716e-42af-bc3c-d0446cfc3943,3235bfbc-1aa1-4c4f-8b9f-32e6c0bef129,cordova-android,2.0.2,unknown,,2.0.2,CVE-2012-6637,"Apache Cordova 3.3.0 and earlier and Adobe PhoneGap 2.9.0 and earlier do not anchor the end of domain-name regular expressions, which allows remote attackers to bypass a whitelist protection mechanism via a domain name that contains an acceptable name as an initial substring.",3/3/14,3/3/14,7.5,10,6.4,NVD,NEW,,,,https://nvd.nist.gov/vuln/detail/CVE-2012-6637,HIGH,foo-project ID-355b2cb252662e07153802b82041e8322ccef144-1.0.0
,b637c933-5ca3-4a94-9d28-cc5a44ffa162,2c0f93df-716e-42af-bc3c-d0446cfc3943,3235bfbc-1aa1-4c4f-8b9f-32e6c0bef129,cordova-android,2.0.2,unknown,,2.0.2,CVE-2014-1881,Apache Cordova 3.3.0 and earlier and Adobe PhoneGap 2.9.0 and earlier allow remote attackers to bypass intended device-resource restrictions of an event-based bridge via a crafted library clone that leverages IFRAME script execution and waits a certain amount of time for an OnJsPrompt handler return value as an alternative to correct synchronization.,3/3/14,3/3/14,7.5,10,6.4,NVD,NEW,,,,https://nvd.nist.gov/vuln/detail/CVE-2014-1881,HIGH,foo-project ID-355b2cb252662e07153802b82041e8322ccef144-1.0.0
,b637c933-5ca3-4a94-9d28-cc5a44ffa162,2c0f93df-716e-42af-bc3c-d0446cfc3943,3235bfbc-1aa1-4c4f-8b9f-32e6c0bef129,cordova-android,2.0.2,unknown,,2.0.2,CVE-2014-1882,"Apache Cordova 3.3.0 and earlier and Adobe PhoneGap 2.9.0 and earlier allow remote attackers to bypass intended device-resource restrictions of an event-based bridge via a crafted library clone that leverages IFRAME script execution and directly accesses bridge JavaScript objects, as demonstrated by certain cordova.require calls.",3/3/14,3/3/14,7.5,10,6.4,NVD,NEW,,,,https://nvd.nist.gov/vuln/detail/CVE-2014-1882,HIGH,foo-project ID-355b2cb252662e07153802b82041e8322ccef144-1.0.0
,b637c933-5ca3-4a94-9d28-cc5a44ffa162,2c0f93df-716e-42af-bc3c-d0446cfc3943,3235bfbc-1aa1-4c4f-8b9f-32e6c0bef129,cordova-android,2.0.2,unknown,,2.0.2,CVE-2014-1884,"Apache Cordova 3.3.0 and earlier and Adobe PhoneGap 2.9.0 and earlier on Windows Phone 7 and 8 do not properly restrict navigation events, which allows remote attackers to bypass intended device-resource restrictions via content that is accessed (1) in an IFRAME element or (2) with the XMLHttpRequest method by a crafted application.",3/3/14,3/3/14,7.5,10,6.4,NVD,NEW,,,,https://nvd.nist.gov/vuln/detail/CVE-2014-1884,HIGH,foo-project ID-355b2cb252662e07153802b82041e8322ccef144-1.0.0
,b637c933-5ca3-4a94-9d28-cc5a44ffa162,2c0f93df-716e-42af-bc3c-d0446cfc3943,3235bfbc-1aa1-4c4f-8b9f-32e6c0bef129,cordova-android,2.0.2,unknown,,2.0.2,CVE-2014-3500,Apache Cordova Android before 3.5.1 allows remote attackers to change the start page via a crafted intent URL.,11/15/14,11/17/14,6.4,10,4.9,NVD,NEW,,,,https://nvd.nist.gov/vuln/detail/CVE-2014-3500,MEDIUM,foo-project ID-355b2cb252662e07153802b82041e8322ccef144-1.0.0
,b637c933-5ca3-4a94-9d28-cc5a44ffa162,2c0f93df-716e-42af-bc3c-d0446cfc3943,3235bfbc-1aa1-4c4f-8b9f-32e6c0bef129,cordova-android,2.0.2,unknown,,2.0.2,CVE-2015-5256,"Apache Cordova-Android before 4.1.0, when an application relies on a remote server, improperly implements a JavaScript whitelist protection mechanism, which allows attackers to bypass intended access restrictions via a crafted URI.",11/23/15,10/9/18,4.3,8.6,2.9,NVD,NEW,,,,https://nvd.nist.gov/vuln/detail/CVE-2015-5256,MEDIUM,foo-project ID-355b2cb252662e07153802b82041e8322ccef144-1.0.0
,b637c933-5ca3-4a94-9d28-cc5a44ffa162,2c0f93df-716e-42af-bc3c-d0446cfc3943,3235bfbc-1aa1-4c4f-8b9f-32e6c0bef129,cordova-android,2.0.2,unknown,,2.0.2,CVE-2015-8320,"Apache Cordova-Android before 3.7.0 improperly generates random values for BridgeSecret data, which makes it easier for attackers to conduct bridge hijacking attacks by predicting a value.  CWE-330: Use of Insufficiently Random Values",11/23/15,10/9/18,5,10,2.9,NVD,NEW,,,,https://nvd.nist.gov/vuln/detail/CVE-2015-8320,MEDIUM,foo-project ID-355b2cb252662e07153802b82041e8322ccef144-1.0.0
,b637c933-5ca3-4a94-9d28-cc5a44ffa162,2c0f93df-716e-42af-bc3c-d0446cfc3943,3235bfbc-1aa1-4c4f-8b9f-32e6c0bef129,cordova-android,2.0.2,unknown,,2.0.2,CVE-2015-5207,Apache Cordova iOS before 4.0.0 might allow attackers to bypass a URL whitelist protection mechanism in an app and load arbitrary resources by leveraging unspecified methods.,5/9/16,10/9/18,7.5,10,6.4,NVD,NEW,,,,https://nvd.nist.gov/vuln/detail/CVE-2015-5207,HIGH,foo-project ID-355b2cb252662e07153802b82041e8322ccef144-1.0.0
,b637c933-5ca3-4a94-9d28-cc5a44ffa162,2c0f93df-716e-42af-bc3c-d0446cfc3943,3235bfbc-1aa1-4c4f-8b9f-32e6c0bef129,cordova-android,2.0.2,unknown,,2.0.2,CVE-2015-5208,Apache Cordova iOS before 4.0.0 allows remote attackers to execute arbitrary plugins via a link.,5/9/16,10/9/18,4.3,8.6,2.9,NVD,NEW,,,,https://nvd.nist.gov/vuln/detail/CVE-2015-5208,MEDIUM,foo-project ID-355b2cb252662e07153802b82041e8322ccef144-1.0.0
,b637c933-5ca3-4a94-9d28-cc5a44ffa162,2c0f93df-716e-42af-bc3c-d0446cfc3943,3235bfbc-1aa1-4c4f-8b9f-32e6c0bef129,cordova-android,2.0.2,unknown,,2.0.2,CVE-2016-6799,"Product: Apache Cordova Android 5.2.2 and earlier. The application calls methods of the Log class. Messages passed to these methods (Log.v(), Log.d(), Log.i(), Log.w(), and Log.e()) are stored in a series of circular buffers on the device. By default, a maximum of four 16 KB rotated logs are kept in addition to the current log. The logged data can be read using Logcat on the device. When using platforms prior to Android 4.1 (Jelly Bean), the log data is not sandboxed per application; any application installed on the device has the capability to read data logged by other applications.",5/9/17,5/19/17,5,10,2.9,NVD,NEW,,,,https://nvd.nist.gov/vuln/detail/CVE-2016-6799,MEDIUM,foo-project ID-355b2cb252662e07153802b82041e8322ccef144-1.0.0
,b637c933-5ca3-4a94-9d28-cc5a44ffa162,2c0f93df-716e-42af-bc3c-d0446cfc3943,3235bfbc-1aa1-4c4f-8b9f-32e6c0bef129,cordova-android,2.0.2,unknown,,2.0.2,CVE-2015-1835,"Apache Cordova Android before 3.7.2 and 4.x before 4.0.2, when an application does not set explicit values in config.xml, allows remote attackers to modify undefined secondary configuration variables (preferences) via a crafted intent: URL.",10/27/17,11/16/17,2.6,4.9,2.9,NVD,NEW,,,,https://nvd.nist.gov/vuln/detail/CVE-2015-1835,LOW,foo-project ID-355b2cb252662e07153802b82041e8322ccef144-1.0.0
,b637c933-5ca3-4a94-9d28-cc5a44ffa162,2c0f93df-716e-42af-bc3c-d0446cfc3943,3235bfbc-1aa1-4c4f-8b9f-32e6c0bef129,cordova-android,2.0.2,unknown,,2.0.2,CVE-2017-3160,"After the Android platform is added to Cordova the first time, or after a project is created using the build scripts, the scripts will fetch Gradle on the first build. However, since the default URI is not using https, it is vulnerable to a MiTM and the Gradle executable is not safe. The severity of this issue is high due to the fact that the build scripts immediately start a build after Gradle has been fetched. Developers who are concerned about this issue should install version 6.1.2 or higher of Cordova-Android. If developers are unable to install the latest version, this vulnerability can easily be mitigated by setting the CORDOVA_ANDROID_GRADLE_DISTRIBUTION_URL environment variable to https://services.gradle.org/distributions/gradle-2.14.1-all.zip",2/1/18,10/3/19,5.8,8.6,4.9,NVD,NEW,,,,https://nvd.nist.gov/vuln/detail/CVE-2017-3160,MEDIUM,foo-project ID-355b2cb252662e07153802b82041e8322ccef144-1.0.0
,b637c933-5ca3-4a94-9d28-cc5a44ffa162,e44c998a-6c27-4a9b-9886-5f7c109dde85,a5725c02-5260-4fd3-9707-7e821e9f5374,cordova-android,3.6.4,unknown,,3.6.4,CVE-2015-5256,"Apache Cordova-Android before 4.1.0, when an application relies on a remote server, improperly implements a JavaScript whitelist protection mechanism, which allows attackers to bypass intended access restrictions via a crafted URI.",11/23/15,10/9/18,4.3,8.6,2.9,NVD,NEW,,,,https://nvd.nist.gov/vuln/detail/CVE-2015-5256,MEDIUM,foo-project ID-355b2cb252662e07153802b82041e8322ccef144-1.0.0
,b637c933-5ca3-4a94-9d28-cc5a44ffa162,e44c998a-6c27-4a9b-9886-5f7c109dde85,a5725c02-5260-4fd3-9707-7e821e9f5374,cordova-android,3.6.4,unknown,,3.6.4,CVE-2015-8320,"Apache Cordova-Android before 3.7.0 improperly generates random values for BridgeSecret data, which makes it easier for attackers to conduct bridge hijacking attacks by predicting a value.  CWE-330: Use of Insufficiently Random Values",11/23/15,10/9/18,5,10,2.9,NVD,NEW,,,,https://nvd.nist.gov/vuln/detail/CVE-2015-8320,MEDIUM,foo-project ID-355b2cb252662e07153802b82041e8322ccef144-1.0.0
,b637c933-5ca3-4a94-9d28-cc5a44ffa162,e44c998a-6c27-4a9b-9886-5f7c109dde85,a5725c02-5260-4fd3-9707-7e821e9f5374,cordova-android,3.6.4,unknown,,3.6.4,CVE-2015-5207,Apache Cordova iOS before 4.0.0 might allow attackers to bypass a URL whitelist protection mechanism in an app and load arbitrary resources by leveraging unspecified methods.,5/9/16,10/9/18,7.5,10,6.4,NVD,NEW,,,,https://nvd.nist.gov/vuln/detail/CVE-2015-5207,HIGH,foo-project ID-355b2cb252662e07153802b82041e8322ccef144-1.0.0
,b637c933-5ca3-4a94-9d28-cc5a44ffa162,e44c998a-6c27-4a9b-9886-5f7c109dde85,a5725c02-5260-4fd3-9707-7e821e9f5374,cordova-android,3.6.4,unknown,,3.6.4,CVE-2015-5208,Apache Cordova iOS before 4.0.0 allows remote attackers to execute arbitrary plugins via a link.,5/9/16,10/9/18,4.3,8.6,2.9,NVD,NEW,,,,https://nvd.nist.gov/vuln/detail/CVE-2015-5208,MEDIUM,foo-project ID-355b2cb252662e07153802b82041e8322ccef144-1.0.0
,b637c933-5ca3-4a94-9d28-cc5a44ffa162,e44c998a-6c27-4a9b-9886-5f7c109dde85,a5725c02-5260-4fd3-9707-7e821e9f5374,cordova-android,3.6.4,unknown,,3.6.4,CVE-2016-6799,"Product: Apache Cordova Android 5.2.2 and earlier. The application calls methods of the Log class. Messages passed to these methods (Log.v(), Log.d(), Log.i(), Log.w(), and Log.e()) are stored in a series of circular buffers on the device. By default, a maximum of four 16 KB rotated logs are kept in addition to the current log. The logged data can be read using Logcat on the device. When using platforms prior to Android 4.1 (Jelly Bean), the log data is not sandboxed per application; any application installed on the device has the capability to read data logged by other applications.",5/9/17,5/19/17,5,10,2.9,NVD,NEW,,,,https://nvd.nist.gov/vuln/detail/CVE-2016-6799,MEDIUM,foo-project ID-355b2cb252662e07153802b82041e8322ccef144-1.0.0
,b637c933-5ca3-4a94-9d28-cc5a44ffa162,e44c998a-6c27-4a9b-9886-5f7c109dde85,a5725c02-5260-4fd3-9707-7e821e9f5374,cordova-android,3.6.4,unknown,,3.6.4,CVE-2015-1835,"Apache Cordova Android before 3.7.2 and 4.x before 4.0.2, when an application does not set explicit values in config.xml, allows remote attackers to modify undefined secondary configuration variables (preferences) via a crafted intent: URL.",10/27/17,11/16/17,2.6,4.9,2.9,NVD,NEW,,,,https://nvd.nist.gov/vuln/detail/CVE-2015-1835,LOW,foo-project ID-355b2cb252662e07153802b82041e8322ccef144-1.0.0
,b637c933-5ca3-4a94-9d28-cc5a44ffa162,e44c998a-6c27-4a9b-9886-5f7c109dde85,a5725c02-5260-4fd3-9707-7e821e9f5374,cordova-android,3.6.4,unknown,,3.6.4,CVE-2017-3160,"After the Android platform is added to Cordova the first time, or after a project is created using the build scripts, the scripts will fetch Gradle on the first build. However, since the default URI is not using https, it is vulnerable to a MiTM and the Gradle executable is not safe. The severity of this issue is high due to the fact that the build scripts immediately start a build after Gradle has been fetched. Developers who are concerned about this issue should install version 6.1.2 or higher of Cordova-Android. If developers are unable to install the latest version, this vulnerability can easily be mitigated by setting the CORDOVA_ANDROID_GRADLE_DISTRIBUTION_URL environment variable to https://services.gradle.org/distributions/gradle-2.14.1-all.zip",2/1/18,10/3/19,5.8,8.6,4.9,NVD,NEW,,,,https://nvd.nist.gov/vuln/detail/CVE-2017-3160,MEDIUM,foo-project ID-355b2cb252662e07153802b82041e8322ccef144-1.0.0
,9f1172c0-9a46-4296-b071-b733333a171d,614b60e7-df63-4d63-839e-93db075d3505,fe77c32b-4105-45bc-b5af-ec51d977f8a1,Godot Game Engine,1.0-stable,github,okamstudio/godot:1.0-stable,1.0-stable,CVE-2018-1000224,"Godot Engine version All versions prior to 2.1.5, all 3.0 versions prior to 3.0.6. contains a Signed/unsigned comparison, wrong buffer size chackes, integer overflow, missing padding initialization vulnerability in (De)Serialization functions (core/io/marshalls.cpp) that can result in DoS (packet of death), possible leak of uninitialized memory. This attack appear to be exploitable via A malformed packet is received over the network by a Godot application that uses built-in serialization (e.g. game server, or game client). Could be triggered by multiplayer opponent. This vulnerability appears to have been fixed in 2.1.5, 3.0.6, master branch after commit feaf03421dda0213382b51aff07bd5a96b29487b.",8/20/18,10/31/18,5,10,2.9,NVD,NEW,,,,https://nvd.nist.gov/vuln/detail/CVE-2018-1000224,MEDIUM,foo-project ID-355b2cb252662e07153802b82041e8322ccef144-1.0.0
,9f1172c0-9a46-4296-b071-b733333a171d,614b60e7-df63-4d63-839e-93db075d3505,fe77c32b-4105-45bc-b5af-ec51d977f8a1,Godot Game Engine,1.0-stable,github,okamstudio/godot:1.0-stable,1.0-stable,CVE-2019-10069,"In Godot through 3.1, remote code execution is possible due to the deserialization policy not being applied correctly.",5/31/19,6/3/19,7.5,10,6.4,NVD,NEW,,,,https://nvd.nist.gov/vuln/detail/CVE-2019-10069,HIGH,foo-project ID-355b2cb252662e07153802b82041e8322ccef144-1.0.0
,231f0898-c453-415b-91fa-fba6585fdb82,423b172e-9e5b-4565-8635-c9613cfef9d2,bd0756a3-37c5-4b50-affd-4d8470bf2ed5,Lo-Dash,3.10.1,npmjs,lodash/3.10.1,3.10.1,BDSA-2018-1301 (CVE-2018-3721),Lodash contains a prototype pollution flaw. An attacker could exploit this to modify the component or create a denial-of-service (*DoS*).,4/25/18,11/20/18,1.2,1.9,2.9,BDSA,NEW,,,,,LOW,foo-project ID-355b2cb252662e07153802b82041e8322ccef144-1.0.0
,231f0898-c453-415b-91fa-fba6585fdb82,423b172e-9e5b-4565-8635-c9613cfef9d2,bd0756a3-37c5-4b50-affd-4d8470bf2ed5,Lo-Dash,3.10.1,npmjs,lodash/3.10.1,3.10.1,BDSA-2018-3818 (CVE-2018-16487),"Lodash is vulnerable to denial-of-service (DoS) as the user-controllable input to certain functions is not sufficiently checked, allowing an attacker to add or modify existing properties of presumably immutable `Object` data structure. An unauthenticated attacker can leverage this flaw to add arbitrary properties to objects used by the web application which can be leveraged to cause a crash or to prevent the server from responding to all requests.  This vulnerability may also lead to remote code execution (RCE) in some applications, depending on the implementation.",10/30/18,2/5/19,6.4,10,4.9,BDSA,NEW,,,,,MEDIUM,foo-project ID-355b2cb252662e07153802b82041e8322ccef144-1.0.0
,231f0898-c453-415b-91fa-fba6585fdb82,423b172e-9e5b-4565-8635-c9613cfef9d2,bd0756a3-37c5-4b50-affd-4d8470bf2ed5,Lo-Dash,3.10.1,npmjs,lodash/3.10.1,3.10.1,BDSA-2019-0330,The `package.json` file generated by node package manager for the lodash library contains out-dated information. The `contributors` section of the package.json file contains an URL that has been flagged for serving malware.,2/6/19,5/17/19,1.9,3.4,2.9,BDSA,NEW,,,,,LOW,foo-project ID-355b2cb252662e07153802b82041e8322ccef144-1.0.0
,231f0898-c453-415b-91fa-fba6585fdb82,423b172e-9e5b-4565-8635-c9613cfef9d2,bd0756a3-37c5-4b50-affd-4d8470bf2ed5,Lo-Dash,3.10.1,npmjs,lodash/3.10.1,3.10.1,BDSA-2019-2112 (CVE-2019-10744),Lodash contains a prototype pollution flaw. An attacker could exploit this to modify the component or cause remote code execution or a denial-of-service (*DoS*).,7/15/19,7/15/19,6.8,8.6,6.4,BDSA,NEW,,,,,MEDIUM,foo-project ID-355b2cb252662e07153802b82041e8322ccef144-1.0.0
,231f0898-c453-415b-91fa-fba6585fdb82,423b172e-9e5b-4565-8635-c9613cfef9d2,bd0756a3-37c5-4b50-affd-4d8470bf2ed5,Lo-Dash,3.10.1,npmjs,lodash/3.10.1,3.10.1,CVE-2019-1010266,"lodash prior to 4.17.11 is affected by: CWE-400: Uncontrolled Resource Consumption. The impact is: Denial of service. The component is: Date handler. The attack vector is: Attacker provides very long strings, which the library attempts to match using a regular expression. The fixed version is: 4.17.11.",7/17/19,9/19/19,4,8,2.9,NVD,NEW,,,,https://nvd.nist.gov/vuln/detail/CVE-2019-1010266,MEDIUM,foo-project ID-355b2cb252662e07153802b82041e8322ccef144-1.0.0
,d14b7f0f-0541-4562-b345-49052678f2d0,25b89eaf-80c9-4d03-a912-e13a69063cf6,ba2689be-9138-43aa-ae5d-8be363461e96,mustache.js,2.0.0,github,janl/mustache.js:v2.0.0,v2.0.0,BDSA-2015-0035 (CVE-2015-8862),The mustache package contains a Cross-Site Scripting vulnerability due to not sanitizing template attributes sufficiently. This allows an attacker to supply script code to attributes that are not quoted.,9/6/17,9/6/17,6.8,8.6,6.4,BDSA,NEW,,,,,MEDIUM,foo-project ID-355b2cb252662e07153802b82041e8322ccef144-1.0.0
,62355224-0cae-4b94-b214-ef2644b29f94,15a8450a-12f2-4339-835f-15884742affb,963e2180-57b3-4ba1-a2be-c22a0784708d,Openfire,3.9.3,unknown,,3.9.3,CVE-2014-3451,"OpenFire XMPP Server before 3.10 accepts self-signed certificates, which allows remote attackers to perform unspecified spoofing attacks.",8/18/17,10/9/18,5,10,2.9,NVD,NEW,,,,https://nvd.nist.gov/vuln/detail/CVE-2014-3451,MEDIUM,foo-project ID-355b2cb252662e07153802b82041e8322ccef144-1.0.0
,62355224-0cae-4b94-b214-ef2644b29f94,15a8450a-12f2-4339-835f-15884742affb,963e2180-57b3-4ba1-a2be-c22a0784708d,Openfire,3.9.3,unknown,,3.9.3,BDSA-2016-0309,Multiple instances of Cross Site Scripting (*XSS*) in several pages of the admin panel in OpenFire can lead to session hijacking of an admin user.,9/14/17,9/14/17,5.8,8.6,4.9,BDSA,NEW,,,,,MEDIUM,foo-project ID-355b2cb252662e07153802b82041e8322ccef144-1.0.0
,62355224-0cae-4b94-b214-ef2644b29f94,15a8450a-12f2-4339-835f-15884742affb,963e2180-57b3-4ba1-a2be-c22a0784708d,Openfire,3.9.3,unknown,,3.9.3,BDSA-2016-0390,Information Disclosure in `system-email.jsp  ` in OpenFire allows an authenticated user to retrieve the MD5 hash of the password of an email account.,9/15/17,9/15/17,4,8,2.9,BDSA,NEW,,,,,LOW,foo-project ID-355b2cb252662e07153802b82041e8322ccef144-1.0.0
,62355224-0cae-4b94-b214-ef2644b29f94,15a8450a-12f2-4339-835f-15884742affb,963e2180-57b3-4ba1-a2be-c22a0784708d,Openfire,3.9.3,unknown,,3.9.3,CVE-2017-15911,"The Admin Console in Ignite Realtime Openfire Server before 4.1.7 allows arbitrary client-side JavaScript code execution on victims who click a crafted setup/setup-host-settings.jsp?domain= link, aka XSS. Session ID and data theft may follow as well as the possibility of bypassing CSRF protections, injection of iframes to establish communication channels, etc. The vulnerability is present after login into the application.",10/26/17,11/17/17,3.5,6.8,2.9,NVD,NEW,,,,https://nvd.nist.gov/vuln/detail/CVE-2017-15911,LOW,foo-project ID-355b2cb252662e07153802b82041e8322ccef144-1.0.0
,62355224-0cae-4b94-b214-ef2644b29f94,15a8450a-12f2-4339-835f-15884742affb,963e2180-57b3-4ba1-a2be-c22a0784708d,Openfire,3.9.3,unknown,,3.9.3,BDSA-2019-2720 (CVE-2019-15488),"Openfire is vulnerable to reflected cross-site scripting (XSS) due to LDAP setup test. An attacker could insert JavaScript code and steal a victim's session tokens, cookies, or other sensitive information.",8/28/19,9/2/19,4.3,8.6,2.9,BDSA,NEW,,,,,LOW,foo-project ID-355b2cb252662e07153802b82041e8322ccef144-1.0.0
,62355224-0cae-4b94-b214-ef2644b29f94,15a8450a-12f2-4339-835f-15884742affb,963e2180-57b3-4ba1-a2be-c22a0784708d,Openfire,3.9.3,unknown,,3.9.3,BDSA-2019-3212,Openfire is vulnerable to cross-site scripting (XSS) due to improper validation of user-supplied input. This could allow an attacker to inject arbitrary web scripts and obtain sensitive information such as authentication tokens and user session cookies.,10/14/19,10/14/19,4.3,8.6,2.9,BDSA,NEW,,,,,LOW,foo-project ID-355b2cb252662e07153802b82041e8322ccef144-1.0.0
,62355224-0cae-4b94-b214-ef2644b29f94,15a8450a-12f2-4339-835f-15884742affb,963e2180-57b3-4ba1-a2be-c22a0784708d,Openfire,3.9.3,unknown,,3.9.3,BDSA-2019-3346 (CVE-2019-18393),Openfire is vulnerable to information exposure due to insufficient restrictions on file retrieval through the plugin servlet. This could allow an attacker to obtain sensitive information from files outside of the Openfire home directory.,10/29/19,10/29/19,5,10,2.9,BDSA,NEW,,,,,MEDIUM,foo-project ID-355b2cb252662e07153802b82041e8322ccef144-1.0.0
,62355224-0cae-4b94-b214-ef2644b29f94,15a8450a-12f2-4339-835f-15884742affb,963e2180-57b3-4ba1-a2be-c22a0784708d,Openfire,3.9.3,unknown,,3.9.3,BDSA-2019-3347 (CVE-2019-18394),Openfire is vulnerable to server-side request forgery (SSRF) due to a lack of SSRF protections when retrieving favicon images. This could allow an attacker to perform malicious actions as if they originate from a target server.,10/29/19,10/29/19,5,10,2.9,BDSA,NEW,,,,,LOW,foo-project ID-355b2cb252662e07153802b82041e8322ccef144-1.0.0
,e4ecf9ef-5e23-4f86-bb53-8c48d2180a59,d8bdc80f-d102-46c5-a81b-0b8486f2adc3,133419c7-953b-4eb6-9a6a-850791cbdd54,PhoneGap,4.5.2,github,apache/cordova-ios:rel/4.5.2,rel/4.5.2,CVE-2016-6799,"Product: Apache Cordova Android 5.2.2 and earlier. The application calls methods of the Log class. Messages passed to these methods (Log.v(), Log.d(), Log.i(), Log.w(), and Log.e()) are stored in a series of circular buffers on the device. By default, a maximum of four 16 KB rotated logs are kept in addition to the current log. The logged data can be read using Logcat on the device. When using platforms prior to Android 4.1 (Jelly Bean), the log data is not sandboxed per application; any application installed on the device has the capability to read data logged by other applications.",5/9/17,5/19/17,5,10,2.9,NVD,NEW,,,,https://nvd.nist.gov/vuln/detail/CVE-2016-6799,MEDIUM,foo-project ID-355b2cb252662e07153802b82041e8322ccef144-1.0.0
,e4ecf9ef-5e23-4f86-bb53-8c48d2180a59,d8bdc80f-d102-46c5-a81b-0b8486f2adc3,133419c7-953b-4eb6-9a6a-850791cbdd54,PhoneGap,4.5.2,github,apache/cordova-ios:rel/4.5.2,rel/4.5.2,CVE-2017-3160,"After the Android platform is added to Cordova the first time, or after a project is created using the build scripts, the scripts will fetch Gradle on the first build. However, since the default URI is not using https, it is vulnerable to a MiTM and the Gradle executable is not safe. The severity of this issue is high due to the fact that the build scripts immediately start a build after Gradle has been fetched. Developers who are concerned about this issue should install version 6.1.2 or higher of Cordova-Android. If developers are unable to install the latest version, this vulnerability can easily be mitigated by setting the CORDOVA_ANDROID_GRADLE_DISTRIBUTION_URL environment variable to https://services.gradle.org/distributions/gradle-2.14.1-all.zip",2/1/18,10/3/19,5.8,8.6,4.9,NVD,NEW,,,,https://nvd.nist.gov/vuln/detail/CVE-2017-3160,MEDIUM,foo-project ID-355b2cb252662e07153802b82041e8322ccef144-1.0.0